Conviction,Lakehouse\unfiltered\Conviction\Conviction.csv
Junior_G,Lakehouse\unfiltered\Junior_G\Junior_G.csv
U.S_Bounty_Hunters,Lakehouse\unfiltered\U.S_Bounty_Hunters\U.S_Bounty_Hunters.csv
Legacy,Lakehouse\unfiltered\Legacy\Legacy.csv
The_Adventures_of_Robin_Hood,Lakehouse\unfiltered\The_Adventures_of_Robin_Hood\The_Adventures_of_Robin_Hood.csv
Skulls_and_Roses,Lakehouse\unfiltered\Skulls_and_Roses\Skulls_and_Roses.csv
Caribbean_Thunder,Lakehouse\unfiltered\Caribbean_Thunder\Caribbean_Thunder.csv
The_New_Adventures_of_Flash_Gordon,Lakehouse\unfiltered\The_New_Adventures_of_Flash_Gordon\The_New_Adventures_of_Flash_Gordon.csv
Renegade,Lakehouse\unfiltered\Renegade\Renegade.csv
Strike_Force,Lakehouse\unfiltered\Strike_Force\Strike_Force.csv
The_Harbor__Aberdeen,Lakehouse\unfiltered\The_Harbor__Aberdeen\The_Harbor__Aberdeen.csv
Teen_Wolf,Lakehouse\unfiltered\Teen_Wolf\Teen_Wolf.csv
The_Buccaneers,Lakehouse\unfiltered\The_Buccaneers\The_Buccaneers.csv
Cocomong,Lakehouse\unfiltered\Cocomong\Cocomong.csv
Vancy_Derringer,Lakehouse\unfiltered\Vancy_Derringer\Vancy_Derringer.csv
Shark_Man,Lakehouse\unfiltered\Shark_Man\Shark_Man.csv
Bhoot_and_Friends,Lakehouse\unfiltered\Bhoot_and_Friends\Bhoot_and_Friends.csv
The_Greatest_American_Hero,Lakehouse\unfiltered\The_Greatest_American_Hero\The_Greatest_American_Hero.csv
Space_Precinct__Complete_Series,Lakehouse\unfiltered\Space_Precinct__Complete_Series\Space_Precinct__Complete_Series.csv
Which_Way_To_,Lakehouse\unfiltered\Which_Way_To_\Which_Way_To_.csv
Young_Sheldon,Lakehouse\unfiltered\Young_Sheldon\Young_Sheldon.csv
The_Big_Bang_Theory,Lakehouse\unfiltered\The_Big_Bang_Theory\The_Big_Bang_Theory.csv
The_Office,Lakehouse\unfiltered\The_Office\The_Office.csv
Mr._Bean,Lakehouse\unfiltered\Mr._Bean\Mr._Bean.csv
Mind_the_Malhotras,Lakehouse\unfiltered\Mind_the_Malhotras\Mind_the_Malhotras.csv
Mr._Bean__The_Animated_Series,Lakehouse\unfiltered\Mr._Bean__The_Animated_Series\Mr._Bean__The_Animated_Series.csv
2_Broke_Girls,Lakehouse\unfiltered\2_Broke_Girls\2_Broke_Girls.csv
The_Stinky_&_Dirty_Show,Lakehouse\unfiltered\The_Stinky_&_Dirty_Show\The_Stinky_&_Dirty_Show.csv
Joey,Lakehouse\unfiltered\Joey\Joey.csv
Two_and_a_Half_Men,Lakehouse\unfiltered\Two_and_a_Half_Men\Two_and_a_Half_Men.csv
Selfie_with_Bajrangi,Lakehouse\unfiltered\Selfie_with_Bajrangi\Selfie_with_Bajrangi.csv
Russell_Peters__Deported,Lakehouse\unfiltered\Russell_Peters__Deported\Russell_Peters__Deported.csv
Classic_Popeye,Lakehouse\unfiltered\Classic_Popeye\Classic_Popeye.csv
Inspector_Chingum,Lakehouse\unfiltered\Inspector_Chingum\Inspector_Chingum.csv
Eeena_Meena_Deeka,Lakehouse\unfiltered\Eeena_Meena_Deeka\Eeena_Meena_Deeka.csv
Psych,Lakehouse\unfiltered\Psych\Psych.csv
Mom,Lakehouse\unfiltered\Mom\Mom.csv
Yeh_Jo_hain_Zindagi,Lakehouse\unfiltered\Yeh_Jo_hain_Zindagi\Yeh_Jo_hain_Zindagi.csv
Oggy_and_the_Cockroaches,Lakehouse\unfiltered\Oggy_and_the_Cockroaches\Oggy_and_the_Cockroaches.csv
The_Kicks,Lakehouse\unfiltered\The_Kicks\The_Kicks.csv
The_PowerPuff_Girls,Lakehouse\unfiltered\The_PowerPuff_Girls\The_PowerPuff_Girls.csv
The_Middle,Lakehouse\unfiltered\The_Middle\The_Middle.csv
Zabaan_Sambhalke,Lakehouse\unfiltered\Zabaan_Sambhalke\Zabaan_Sambhalke.csv
Seinfeld,Lakehouse\unfiltered\Seinfeld\Seinfeld.csv
Parks_and_Recreation,Lakehouse\unfiltered\Parks_and_Recreation\Parks_and_Recreation.csv
Chaplin_&_Co,Lakehouse\unfiltered\Chaplin_&_Co\Chaplin_&_Co.csv
Shaitaan_Haveli,Lakehouse\unfiltered\Shaitaan_Haveli\Shaitaan_Haveli.csv
The_Fresh_Prince_of_Bel-Air,Lakehouse\unfiltered\The_Fresh_Prince_of_Bel-Air\The_Fresh_Prince_of_Bel-Air.csv
Jimmy_O._Yang__Good_Deal,Lakehouse\unfiltered\Jimmy_O._Yang__Good_Deal\Jimmy_O._Yang__Good_Deal.csv
Cat_vs_Keet,Lakehouse\unfiltered\Cat_vs_Keet\Cat_vs_Keet.csv
Citizen_Khan,Lakehouse\unfiltered\Citizen_Khan\Citizen_Khan.csv
Chuck,Lakehouse\unfiltered\Chuck\Chuck.csv
The_Mindy_Project,Lakehouse\unfiltered\The_Mindy_Project\The_Mindy_Project.csv
Curious_George,Lakehouse\unfiltered\Curious_George\Curious_George.csv
Johnny_Bravo,Lakehouse\unfiltered\Johnny_Bravo\Johnny_Bravo.csv
Californication,Lakehouse\unfiltered\Californication\Californication.csv
Sigmund_and_the_Sea_Monsters,Lakehouse\unfiltered\Sigmund_and_the_Sea_Monsters\Sigmund_and_the_Sea_Monsters.csv
Casual,Lakehouse\unfiltered\Casual\Casual.csv
Munki_and_Trunk,Lakehouse\unfiltered\Munki_and_Trunk\Munki_and_Trunk.csv
Anger_Management,Lakehouse\unfiltered\Anger_Management\Anger_Management.csv
Jean_Claude_Van_Johnson,Lakehouse\unfiltered\Jean_Claude_Van_Johnson\Jean_Claude_Van_Johnson.csv
Best_of_AIB,Lakehouse\unfiltered\Best_of_AIB\Best_of_AIB.csv
Forever,Lakehouse\unfiltered\Forever\Forever.csv
Dennis_the_Menace,Lakehouse\unfiltered\Dennis_the_Menace\Dennis_the_Menace.csv
Yes_Minister__Specials,Lakehouse\unfiltered\Yes_Minister__Specials\Yes_Minister__Specials.csv
I_love_Dick,Lakehouse\unfiltered\I_love_Dick\I_love_Dick.csv
Raja_aur_Rancho,Lakehouse\unfiltered\Raja_aur_Rancho\Raja_aur_Rancho.csv
Dilruk_Jayasinha__Bundle_of_Joy,Lakehouse\unfiltered\Dilruk_Jayasinha__Bundle_of_Joy\Dilruk_Jayasinha__Bundle_of_Joy.csv
"Yes,_Prime_Minister","Lakehouse\unfiltered\Yes,_Prime_Minister\Yes,_Prime_Minister.csv"
Going_Viral_Pvt._Ltd.,Lakehouse\unfiltered\Going_Viral_Pvt._Ltd.\Going_Viral_Pvt._Ltd..csv
PAC-MAN_and_the_Ghostly_Adventures,Lakehouse\unfiltered\PAC-MAN_and_the_Ghostly_Adventures\PAC-MAN_and_the_Ghostly_Adventures.csv
El_Juego_de_las_Llaves,Lakehouse\unfiltered\El_Juego_de_las_Llaves\El_Juego_de_las_Llaves.csv
Desperate_Widows,Lakehouse\unfiltered\Desperate_Widows\Desperate_Widows.csv
Coupling,Lakehouse\unfiltered\Coupling\Coupling.csv
Trial_and_Error,Lakehouse\unfiltered\Trial_and_Error\Trial_and_Error.csv
Mans_World,Lakehouse\unfiltered\Mans_World\Mans_World.csv
Anne_Edmonds__Whats_Wrong_with_You_,Lakehouse\unfiltered\Anne_Edmonds__Whats_Wrong_with_You_\Anne_Edmonds__Whats_Wrong_with_You_.csv
Red_Oaks,Lakehouse\unfiltered\Red_Oaks\Red_Oaks.csv
Censhorship_in_the_Future,Lakehouse\unfiltered\Censhorship_in_the_Future\Censhorship_in_the_Future.csv
Alice_Wettlund__My_Mama_is_a_Human_and_So_Am_I,Lakehouse\unfiltered\Alice_Wettlund__My_Mama_is_a_Human_and_So_Am_I\Alice_Wettlund__My_Mama_is_a_Human_and_So_Am_I.csv
Die_Trying,Lakehouse\unfiltered\Die_Trying\Die_Trying.csv
That_Girl,Lakehouse\unfiltered\That_Girl\That_Girl.csv
Little_Big_Awesome,Lakehouse\unfiltered\Little_Big_Awesome\Little_Big_Awesome.csv
Celia_Pacquola__All_Talk,Lakehouse\unfiltered\Celia_Pacquola__All_Talk\Celia_Pacquola__All_Talk.csv
Tommy_Little__Self-Diagnosed_Genius,Lakehouse\unfiltered\Tommy_Little__Self-Diagnosed_Genius\Tommy_Little__Self-Diagnosed_Genius.csv
Bananas_in_Pyjamas,Lakehouse\unfiltered\Bananas_in_Pyjamas\Bananas_in_Pyjamas.csv
The_New_Archies,Lakehouse\unfiltered\The_New_Archies\The_New_Archies.csv
The_Simple_Life,Lakehouse\unfiltered\The_Simple_Life\The_Simple_Life.csv
The_Detour,Lakehouse\unfiltered\The_Detour\The_Detour.csv
Splitting_Up_Together,Lakehouse\unfiltered\Splitting_Up_Together\Splitting_Up_Together.csv
Paul_Chowdhry__Live_Innit,Lakehouse\unfiltered\Paul_Chowdhry__Live_Innit\Paul_Chowdhry__Live_Innit.csv
Danger_and_Eggs,Lakehouse\unfiltered\Danger_and_Eggs\Danger_and_Eggs.csv
EIC_vs_The_World,Lakehouse\unfiltered\EIC_vs_The_World\EIC_vs_The_World.csv
SNG__What_if,Lakehouse\unfiltered\SNG__What_if\SNG__What_if.csv
Living_Biblically,Lakehouse\unfiltered\Living_Biblically\Living_Biblically.csv
Kanan_Gill__How_Insensitive,Lakehouse\unfiltered\Kanan_Gill__How_Insensitive\Kanan_Gill__How_Insensitive.csv
Jim_Gaffigan__Quality_Time,Lakehouse\unfiltered\Jim_Gaffigan__Quality_Time\Jim_Gaffigan__Quality_Time.csv
Angie_Tribeca,Lakehouse\unfiltered\Angie_Tribeca\Angie_Tribeca.csv
Inside_Jokes,Lakehouse\unfiltered\Inside_Jokes\Inside_Jokes.csv
Alice_Fraser__Savage,Lakehouse\unfiltered\Alice_Fraser__Savage\Alice_Fraser__Savage.csv
Judith_Lucy__Judith_Lucy_vs_Men,Lakehouse\unfiltered\Judith_Lucy__Judith_Lucy_vs_Men\Judith_Lucy__Judith_Lucy_vs_Men.csv
Zoe_Coombs_Marr__Bossy_Bottom,Lakehouse\unfiltered\Zoe_Coombs_Marr__Bossy_Bottom\Zoe_Coombs_Marr__Bossy_Bottom.csv
The_Grand_Tour,Lakehouse\unfiltered\The_Grand_Tour\The_Grand_Tour.csv
The_Adventures_of_Rocky_and_Bullwinkle,Lakehouse\unfiltered\The_Adventures_of_Rocky_and_Bullwinkle\The_Adventures_of_Rocky_and_Bullwinkle.csv
The_Adventures_of_Paddington_Bear,Lakehouse\unfiltered\The_Adventures_of_Paddington_Bear\The_Adventures_of_Paddington_Bear.csv
Chacha_Bhatija,Lakehouse\unfiltered\Chacha_Bhatija\Chacha_Bhatija.csv
Lexx,Lakehouse\unfiltered\Lexx\Lexx.csv
Atchoo,Lakehouse\unfiltered\Atchoo\Atchoo.csv
Tom_Gleeson__Joy,Lakehouse\unfiltered\Tom_Gleeson__Joy\Tom_Gleeson__Joy.csv
People_of_Earth,Lakehouse\unfiltered\People_of_Earth\People_of_Earth.csv
Son_of_Abish,Lakehouse\unfiltered\Son_of_Abish\Son_of_Abish.csv
Tom_Walker__Very_Very,Lakehouse\unfiltered\Tom_Walker__Very_Very\Tom_Walker__Very_Very.csv
Jayde_Adams__Serious_Black_Jumper,Lakehouse\unfiltered\Jayde_Adams__Serious_Black_Jumper\Jayde_Adams__Serious_Black_Jumper.csv
Crisis_in_Six_Scenes,Lakehouse\unfiltered\Crisis_in_Six_Scenes\Crisis_in_Six_Scenes.csv
Alonzo_Bodden__Heavy_Lightweight,Lakehouse\unfiltered\Alonzo_Bodden__Heavy_Lightweight\Alonzo_Bodden__Heavy_Lightweight.csv
Chris_Ramsey__Approval_Needed,Lakehouse\unfiltered\Chris_Ramsey__Approval_Needed\Chris_Ramsey__Approval_Needed.csv
LOL__Australia,Lakehouse\unfiltered\LOL__Australia\LOL__Australia.csv
#IMomSoHard_Live,Lakehouse\unfiltered\#IMomSoHard_Live\#IMomSoHard_Live.csv
Caligula,Lakehouse\unfiltered\Caligula\Caligula.csv
Lano_&_Woodley__Fly,Lakehouse\unfiltered\Lano_&_Woodley__Fly\Lano_&_Woodley__Fly.csv
The_Late_Show_with_James_Corden,Lakehouse\unfiltered\The_Late_Show_with_James_Corden\The_Late_Show_with_James_Corden.csv
Spaced,Lakehouse\unfiltered\Spaced\Spaced.csv
Random_Gappa,Lakehouse\unfiltered\Random_Gappa\Random_Gappa.csv
Rob_Delaney__Jackie,Lakehouse\unfiltered\Rob_Delaney__Jackie\Rob_Delaney__Jackie.csv
Mike_E._Winfield__StepMan,Lakehouse\unfiltered\Mike_E._Winfield__StepMan\Mike_E._Winfield__StepMan.csv
Ed_Gamble__Blood_Sugar,Lakehouse\unfiltered\Ed_Gamble__Blood_Sugar\Ed_Gamble__Blood_Sugar.csv
Mini_Ninjas,Lakehouse\unfiltered\Mini_Ninjas\Mini_Ninjas.csv
Loudermilk,Lakehouse\unfiltered\Loudermilk\Loudermilk.csv
Flo_and_Joan__Alive_on_Stage,Lakehouse\unfiltered\Flo_and_Joan__Alive_on_Stage\Flo_and_Joan__Alive_on_Stage.csv
Ilana_Glazer__The_Planet_is_Burning,Lakehouse\unfiltered\Ilana_Glazer__The_Planet_is_Burning\Ilana_Glazer__The_Planet_is_Burning.csv
Scream_Street,Lakehouse\unfiltered\Scream_Street\Scream_Street.csv
"Me,_Myself_and_I","Lakehouse\unfiltered\Me,_Myself_and_I\Me,_Myself_and_I.csv"
Kung_Fu_Bunny,Lakehouse\unfiltered\Kung_Fu_Bunny\Kung_Fu_Bunny.csv
The_Kacey_Musgraves_Christmas_Show,Lakehouse\unfiltered\The_Kacey_Musgraves_Christmas_Show\The_Kacey_Musgraves_Christmas_Show.csv
Simons_Cat-_Classic_Collection,Lakehouse\unfiltered\Simons_Cat-_Classic_Collection\Simons_Cat-_Classic_Collection.csv
The_Danny_Thomas_Show,Lakehouse\unfiltered\The_Danny_Thomas_Show\The_Danny_Thomas_Show.csv
Hitoshi_Matsumoto_Presents_Documental,Lakehouse\unfiltered\Hitoshi_Matsumoto_Presents_Documental\Hitoshi_Matsumoto_Presents_Documental.csv
Businessmen_VS_Aliens,Lakehouse\unfiltered\Businessmen_VS_Aliens\Businessmen_VS_Aliens.csv
Murphy_Brown,Lakehouse\unfiltered\Murphy_Brown\Murphy_Brown.csv
The_Best_of_Groucho,Lakehouse\unfiltered\The_Best_of_Groucho\The_Best_of_Groucho.csv
WassUp_With_You,Lakehouse\unfiltered\WassUp_With_You\WassUp_With_You.csv
Scooter__Secret_Agent,Lakehouse\unfiltered\Scooter__Secret_Agent\Scooter__Secret_Agent.csv
LOL__Last_one_Laughing,Lakehouse\unfiltered\LOL__Last_one_Laughing\LOL__Last_one_Laughing.csv
Faireez,Lakehouse\unfiltered\Faireez\Faireez.csv
A_New_Kind_Of_Magic,Lakehouse\unfiltered\A_New_Kind_Of_Magic\A_New_Kind_Of_Magic.csv
The_Real_McCoys,Lakehouse\unfiltered\The_Real_McCoys\The_Real_McCoys.csv
Uchimura_Summers,Lakehouse\unfiltered\Uchimura_Summers\Uchimura_Summers.csv
Paprika,Lakehouse\unfiltered\Paprika\Paprika.csv
Gattu-_The_Power_Champ,Lakehouse\unfiltered\Gattu-_The_Power_Champ\Gattu-_The_Power_Champ.csv
Still_Standing,Lakehouse\unfiltered\Still_Standing\Still_Standing.csv
Chris_Tall_Presents�,Lakehouse\unfiltered\Chris_Tall_Presents�\Chris_Tall_Presents�.csv
Short_Poppies,Lakehouse\unfiltered\Short_Poppies\Short_Poppies.csv
The_2018_Rose_Parade_Hosted_by_Cord_&_Tish,Lakehouse\unfiltered\The_2018_Rose_Parade_Hosted_by_Cord_&_Tish\The_2018_Rose_Parade_Hosted_by_Cord_&_Tish.csv
Aliens_Love_Underpants_And,Lakehouse\unfiltered\Aliens_Love_Underpants_And\Aliens_Love_Underpants_And.csv
Gina_Brillon__The_Floor_is_Lava,Lakehouse\unfiltered\Gina_Brillon__The_Floor_is_Lava\Gina_Brillon__The_Floor_is_Lava.csv
The_Great_Adventure,Lakehouse\unfiltered\The_Great_Adventure\The_Great_Adventure.csv
Mystery_Island,Lakehouse\unfiltered\Mystery_Island\Mystery_Island.csv
Robot_Revolution,Lakehouse\unfiltered\Robot_Revolution\Robot_Revolution.csv
Fairy_Tales_Reimagined,Lakehouse\unfiltered\Fairy_Tales_Reimagined\Fairy_Tales_Reimagined.csv
Spies_in_the_Sky,Lakehouse\unfiltered\Spies_in_the_Sky\Spies_in_the_Sky.csv
The_Quantum_Leap,Lakehouse\unfiltered\The_Quantum_Leap\The_Quantum_Leap.csv
Princess_and_the_Dragon,Lakehouse\unfiltered\Princess_and_the_Dragon\Princess_and_the_Dragon.csv
Halloween_Night,Lakehouse\unfiltered\Halloween_Night\Halloween_Night.csv
The_Hidden_World,Lakehouse\unfiltered\The_Hidden_World\The_Hidden_World.csv
Journey_Through_Time,Lakehouse\unfiltered\Journey_Through_Time\Journey_Through_Time.csv
Lost_in_the_City,Lakehouse\unfiltered\Lost_in_the_City\Lost_in_the_City.csv
Underwater_Rescue,Lakehouse\unfiltered\Underwater_Rescue\Underwater_Rescue.csv
Dreams_Beyond,Lakehouse\unfiltered\Dreams_Beyond\Dreams_Beyond.csv
Cyber_War,Lakehouse\unfiltered\Cyber_War\Cyber_War.csv
Detectives_Secret,Lakehouse\unfiltered\Detectives_Secret\Detectives_Secret.csv
The_Haunted_Castle,Lakehouse\unfiltered\The_Haunted_Castle\The_Haunted_Castle.csv
World’s_Greatest_Chef,Lakehouse\unfiltered\World’s_Greatest_Chef\World’s_Greatest_Chef.csv
Superhero_Squad,Lakehouse\unfiltered\Superhero_Squad\Superhero_Squad.csv
Romantic_Journey,Lakehouse\unfiltered\Romantic_Journey\Romantic_Journey.csv
The_Last_Knight,Lakehouse\unfiltered\The_Last_Knight\The_Last_Knight.csv
The_Magic_of_Music,Lakehouse\unfiltered\The_Magic_of_Music\The_Magic_of_Music.csv
Science_Exploration,Lakehouse\unfiltered\Science_Exploration\Science_Exploration.csv
Digital_Dynasty,Lakehouse\unfiltered\Digital_Dynasty\Digital_Dynasty.csv
Space_Adventures,Lakehouse\unfiltered\Space_Adventures\Space_Adventures.csv
The_Silent_Witness,Lakehouse\unfiltered\The_Silent_Witness\The_Silent_Witness.csv
The_Last_Escape,Lakehouse\unfiltered\The_Last_Escape\The_Last_Escape.csv
Beauty_Beyond,Lakehouse\unfiltered\Beauty_Beyond\Beauty_Beyond.csv
Dark_Secrets,Lakehouse\unfiltered\Dark_Secrets\Dark_Secrets.csv
Ocean_Mysteries,Lakehouse\unfiltered\Ocean_Mysteries\Ocean_Mysteries.csv
Chasing_Shadows,Lakehouse\unfiltered\Chasing_Shadows\Chasing_Shadows.csv
The_Last_Hour,Lakehouse\unfiltered\The_Last_Hour\The_Last_Hour.csv
Into_the_Unknown,Lakehouse\unfiltered\Into_the_Unknown\Into_the_Unknown.csv
Friends_Forever,Lakehouse\unfiltered\Friends_Forever\Friends_Forever.csv
Winter_Wonderland,Lakehouse\unfiltered\Winter_Wonderland\Winter_Wonderland.csv
Magical_Creatures,Lakehouse\unfiltered\Magical_Creatures\Magical_Creatures.csv
The_Exiled_King,Lakehouse\unfiltered\The_Exiled_King\The_Exiled_King.csv
Lost_in_Paradise,Lakehouse\unfiltered\Lost_in_Paradise\Lost_in_Paradise.csv
Space_Invaders,Lakehouse\unfiltered\Space_Invaders\Space_Invaders.csv
The_Secret_Path,Lakehouse\unfiltered\The_Secret_Path\The_Secret_Path.csv
City_of_Dreams,Lakehouse\unfiltered\City_of_Dreams\City_of_Dreams.csv
Midnight_Escape,Lakehouse\unfiltered\Midnight_Escape\Midnight_Escape.csv
Running_Wild,Lakehouse\unfiltered\Running_Wild\Running_Wild.csv
Frozen_World,Lakehouse\unfiltered\Frozen_World\Frozen_World.csv
City_Under_Siege,Lakehouse\unfiltered\City_Under_Siege\City_Under_Siege.csv
The_Silent_Voice,Lakehouse\unfiltered\The_Silent_Voice\The_Silent_Voice.csv
Journey_to_the_Stars,Lakehouse\unfiltered\Journey_to_the_Stars\Journey_to_the_Stars.csv
Echoes_of_the_Past,Lakehouse\unfiltered\Echoes_of_the_Past\Echoes_of_the_Past.csv
Music_in_Motion,Lakehouse\unfiltered\Music_in_Motion\Music_in_Motion.csv
Desert_Escape,Lakehouse\unfiltered\Desert_Escape\Desert_Escape.csv
Chasing_the_Horizon,Lakehouse\unfiltered\Chasing_the_Horizon\Chasing_the_Horizon.csv
The_Dark_Side,Lakehouse\unfiltered\The_Dark_Side\The_Dark_Side.csv
The_Magical_Forest,Lakehouse\unfiltered\The_Magical_Forest\The_Magical_Forest.csv
Lovers_Leap,Lakehouse\unfiltered\Lovers_Leap\Lovers_Leap.csv
The_Diamond_Heist,Lakehouse\unfiltered\The_Diamond_Heist\The_Diamond_Heist.csv
The_Mysterious_Stranger,Lakehouse\unfiltered\The_Mysterious_Stranger\The_Mysterious_Stranger.csv
Secret_of_the_Sea,Lakehouse\unfiltered\Secret_of_the_Sea\Secret_of_the_Sea.csv
City_of_Secrets,Lakehouse\unfiltered\City_of_Secrets\City_of_Secrets.csv
The_Ghost_Ship,Lakehouse\unfiltered\The_Ghost_Ship\The_Ghost_Ship.csv
Whispers_in_the_Night,Lakehouse\unfiltered\Whispers_in_the_Night\Whispers_in_the_Night.csv
The_Superheros_Journey,Lakehouse\unfiltered\The_Superheros_Journey\The_Superheros_Journey.csv
The_Witchs_Curse,Lakehouse\unfiltered\The_Witchs_Curse\The_Witchs_Curse.csv
Ocean_Quest,Lakehouse\unfiltered\Ocean_Quest\Ocean_Quest.csv
The_Unseen_Enemy,Lakehouse\unfiltered\The_Unseen_Enemy\The_Unseen_Enemy.csv
Crimson_Sky,Lakehouse\unfiltered\Crimson_Sky\Crimson_Sky.csv
The_Lucky_Star,Lakehouse\unfiltered\The_Lucky_Star\The_Lucky_Star.csv
Chasing_Dreams,Lakehouse\unfiltered\Chasing_Dreams\Chasing_Dreams.csv
The_Dark_Knights_Return,Lakehouse\unfiltered\The_Dark_Knights_Return\The_Dark_Knights_Return.csv
Wild_Hearts,Lakehouse\unfiltered\Wild_Hearts\Wild_Hearts.csv
Revenge_of_the_Ruler,Lakehouse\unfiltered\Revenge_of_the_Ruler\Revenge_of_the_Ruler.csv
Survivors_Code,Lakehouse\unfiltered\Survivors_Code\Survivors_Code.csv
Endless_Sky,Lakehouse\unfiltered\Endless_Sky\Endless_Sky.csv
The_Light_of_Hope,Lakehouse\unfiltered\The_Light_of_Hope\The_Light_of_Hope.csv
Journey_Beyond_the_Horizon,Lakehouse\unfiltered\Journey_Beyond_the_Horizon\Journey_Beyond_the_Horizon.csv
The_Final_Hour,Lakehouse\unfiltered\The_Final_Hour\The_Final_Hour.csv
Stranger_in_the_City,Lakehouse\unfiltered\Stranger_in_the_City\Stranger_in_the_City.csv
Dragon_Rising,Lakehouse\unfiltered\Dragon_Rising\Dragon_Rising.csv
The_Magic_Circle,Lakehouse\unfiltered\The_Magic_Circle\The_Magic_Circle.csv
In_the_Shadows,Lakehouse\unfiltered\In_the_Shadows\In_the_Shadows.csv
The_Brave_Heart,Lakehouse\unfiltered\The_Brave_Heart\The_Brave_Heart.csv
Whispers_of_the_Sea,Lakehouse\unfiltered\Whispers_of_the_Sea\Whispers_of_the_Sea.csv
The_Magic_of_Love,Lakehouse\unfiltered\The_Magic_of_Love\The_Magic_of_Love.csv
Space_Pioneers,Lakehouse\unfiltered\Space_Pioneers\Space_Pioneers.csv
The_Shifting_Sands,Lakehouse\unfiltered\The_Shifting_Sands\The_Shifting_Sands.csv
The_Eternal_War,Lakehouse\unfiltered\The_Eternal_War\The_Eternal_War.csv
City_of_Chaos,Lakehouse\unfiltered\City_of_Chaos\City_of_Chaos.csv
Frozen_Secrets,Lakehouse\unfiltered\Frozen_Secrets\Frozen_Secrets.csv
Midnight_Runners,Lakehouse\unfiltered\Midnight_Runners\Midnight_Runners.csv
Fall_of_the_Empire,Lakehouse\unfiltered\Fall_of_the_Empire\Fall_of_the_Empire.csv
The_Vanishing_Point,Lakehouse\unfiltered\The_Vanishing_Point\The_Vanishing_Point.csv
Heart_of_the_Dragon,Lakehouse\unfiltered\Heart_of_the_Dragon\Heart_of_the_Dragon.csv
Chasing_the_Dream,Lakehouse\unfiltered\Chasing_the_Dream\Chasing_the_Dream.csv
Summer_of_Love,Lakehouse\unfiltered\Summer_of_Love\Summer_of_Love.csv
The_Last_Stand,Lakehouse\unfiltered\The_Last_Stand\The_Last_Stand.csv
Secrets_of_the_Forest,Lakehouse\unfiltered\Secrets_of_the_Forest\Secrets_of_the_Forest.csv
Revolutionary_Hearts,Lakehouse\unfiltered\Revolutionary_Hearts\Revolutionary_Hearts.csv
The_Black_Knight,Lakehouse\unfiltered\The_Black_Knight\The_Black_Knight.csv
Through_the_Fire,Lakehouse\unfiltered\Through_the_Fire\Through_the_Fire.csv
Hidden_Truths,Lakehouse\unfiltered\Hidden_Truths\Hidden_Truths.csv
The_Ice_Kingdom,Lakehouse\unfiltered\The_Ice_Kingdom\The_Ice_Kingdom.csv
The_Secret_Society,Lakehouse\unfiltered\The_Secret_Society\The_Secret_Society.csv
Silent_Echoes,Lakehouse\unfiltered\Silent_Echoes\Silent_Echoes.csv
The_Great_Heist,Lakehouse\unfiltered\The_Great_Heist\The_Great_Heist.csv
In_the_Depths,Lakehouse\unfiltered\In_the_Depths\In_the_Depths.csv
Chasing_the_Wind,Lakehouse\unfiltered\Chasing_the_Wind\Chasing_the_Wind.csv
Escape_from_the_Island,Lakehouse\unfiltered\Escape_from_the_Island\Escape_from_the_Island.csv
Fallen_Kingdom,Lakehouse\unfiltered\Fallen_Kingdom\Fallen_Kingdom.csv
The_Golden_Rule,Lakehouse\unfiltered\The_Golden_Rule\The_Golden_Rule.csv
The_Final_Countdown,Lakehouse\unfiltered\The_Final_Countdown\The_Final_Countdown.csv
Lost_Treasure,Lakehouse\unfiltered\Lost_Treasure\Lost_Treasure.csv
Dark_Secrets_Revealed,Lakehouse\unfiltered\Dark_Secrets_Revealed\Dark_Secrets_Revealed.csv
The_Dragons_Lair,Lakehouse\unfiltered\The_Dragons_Lair\The_Dragons_Lair.csv
Shadows_of_the_Past,Lakehouse\unfiltered\Shadows_of_the_Past\Shadows_of_the_Past.csv
The_Last_Guardian,Lakehouse\unfiltered\The_Last_Guardian\The_Last_Guardian.csv
The_Riddle_of_the_Sphinx,Lakehouse\unfiltered\The_Riddle_of_the_Sphinx\The_Riddle_of_the_Sphinx.csv
Firestorm,Lakehouse\unfiltered\Firestorm\Firestorm.csv
Silent_Night,Lakehouse\unfiltered\Silent_Night\Silent_Night.csv
The_Lost_King,Lakehouse\unfiltered\The_Lost_King\The_Lost_King.csv
Fools_Gold,Lakehouse\unfiltered\Fools_Gold\Fools_Gold.csv
City_of_Lights,Lakehouse\unfiltered\City_of_Lights\City_of_Lights.csv
The_Dark_Horizon,Lakehouse\unfiltered\The_Dark_Horizon\The_Dark_Horizon.csv
The_Silver_Arrow,Lakehouse\unfiltered\The_Silver_Arrow\The_Silver_Arrow.csv
In_the_Depths_of_the_Ocean,Lakehouse\unfiltered\In_the_Depths_of_the_Ocean\In_the_Depths_of_the_Ocean.csv
Quest_for_Freedom,Lakehouse\unfiltered\Quest_for_Freedom\Quest_for_Freedom.csv
The_Enchanted_Kingdom,Lakehouse\unfiltered\The_Enchanted_Kingdom\The_Enchanted_Kingdom.csv
The_Lost_Artifact,Lakehouse\unfiltered\The_Lost_Artifact\The_Lost_Artifact.csv
The_Assassins_Code,Lakehouse\unfiltered\The_Assassins_Code\The_Assassins_Code.csv
Summer_Dreams,Lakehouse\unfiltered\Summer_Dreams\Summer_Dreams.csv
Escape_from_the_City,Lakehouse\unfiltered\Escape_from_the_City\Escape_from_the_City.csv
The_Hidden_Realm,Lakehouse\unfiltered\The_Hidden_Realm\The_Hidden_Realm.csv
The_Kings_War,Lakehouse\unfiltered\The_Kings_War\The_Kings_War.csv
The_Phantom_Stranger,Lakehouse\unfiltered\The_Phantom_Stranger\The_Phantom_Stranger.csv
Chasing_the_Sun,Lakehouse\unfiltered\Chasing_the_Sun\Chasing_the_Sun.csv
The_Wild_Hunt,Lakehouse\unfiltered\The_Wild_Hunt\The_Wild_Hunt.csv
Dark_Enchantment,Lakehouse\unfiltered\Dark_Enchantment\Dark_Enchantment.csv
The_Missing_Princess,Lakehouse\unfiltered\The_Missing_Princess\The_Missing_Princess.csv
Falling_Star,Lakehouse\unfiltered\Falling_Star\Falling_Star.csv
The_Golden_Path,Lakehouse\unfiltered\The_Golden_Path\The_Golden_Path.csv
The_Silent_Watcher,Lakehouse\unfiltered\The_Silent_Watcher\The_Silent_Watcher.csv
The_Path_to_Glory,Lakehouse\unfiltered\The_Path_to_Glory\The_Path_to_Glory.csv
The_Lost_Expedition,Lakehouse\unfiltered\The_Lost_Expedition\The_Lost_Expedition.csv
Into_the_Abyss,Lakehouse\unfiltered\Into_the_Abyss\Into_the_Abyss.csv
Winters_End,Lakehouse\unfiltered\Winters_End\Winters_End.csv
The_Ice_Fortress,Lakehouse\unfiltered\The_Ice_Fortress\The_Ice_Fortress.csv
End_of_the_Line,Lakehouse\unfiltered\End_of_the_Line\End_of_the_Line.csv
The_Warriors_Return,Lakehouse\unfiltered\The_Warriors_Return\The_Warriors_Return.csv
The_Ice_Queen,Lakehouse\unfiltered\The_Ice_Queen\The_Ice_Queen.csv
The_Secret_Door,Lakehouse\unfiltered\The_Secret_Door\The_Secret_Door.csv
The_Rebel_Princess,Lakehouse\unfiltered\The_Rebel_Princess\The_Rebel_Princess.csv
Through_the_Mist,Lakehouse\unfiltered\Through_the_Mist\Through_the_Mist.csv
The_Final_Strike,Lakehouse\unfiltered\The_Final_Strike\The_Final_Strike.csv
The_Great_Escape,Lakehouse\unfiltered\The_Great_Escape\The_Great_Escape.csv
Secrets_of_the_Tomb,Lakehouse\unfiltered\Secrets_of_the_Tomb\Secrets_of_the_Tomb.csv
The_Power_of_Fate,Lakehouse\unfiltered\The_Power_of_Fate\The_Power_of_Fate.csv
Return_to_the_Kingdom,Lakehouse\unfiltered\Return_to_the_Kingdom\Return_to_the_Kingdom.csv
The_Secret_of_the_Sea,Lakehouse\unfiltered\The_Secret_of_the_Sea\The_Secret_of_the_Sea.csv
Through_the_Flames,Lakehouse\unfiltered\Through_the_Flames\Through_the_Flames.csv
The_Fallen_Empire,Lakehouse\unfiltered\The_Fallen_Empire\The_Fallen_Empire.csv
Into_the_Future,Lakehouse\unfiltered\Into_the_Future\Into_the_Future.csv
Love_in_the_Air,Lakehouse\unfiltered\Love_in_the_Air\Love_in_the_Air.csv
The_Red_Dragon,Lakehouse\unfiltered\The_Red_Dragon\The_Red_Dragon.csv
The_Hidden_Truth,Lakehouse\unfiltered\The_Hidden_Truth\The_Hidden_Truth.csv
The_Awakening,Lakehouse\unfiltered\The_Awakening\The_Awakening.csv
The_Legend_Continues,Lakehouse\unfiltered\The_Legend_Continues\The_Legend_Continues.csv
Winters_Curse,Lakehouse\unfiltered\Winters_Curse\Winters_Curse.csv
The_Phantom_Knight,Lakehouse\unfiltered\The_Phantom_Knight\The_Phantom_Knight.csv
The_Dark_Queen,Lakehouse\unfiltered\The_Dark_Queen\The_Dark_Queen.csv
Lost_in_the_Wild,Lakehouse\unfiltered\Lost_in_the_Wild\Lost_in_the_Wild.csv
The_Dark_Castle,Lakehouse\unfiltered\The_Dark_Castle\The_Dark_Castle.csv
The_Final_Battle,Lakehouse\unfiltered\The_Final_Battle\The_Final_Battle.csv
The_Timekeeper,Lakehouse\unfiltered\The_Timekeeper\The_Timekeeper.csv
The_Secret_Keeper,Lakehouse\unfiltered\The_Secret_Keeper\The_Secret_Keeper.csv
The_Forbidden_Kingdom,Lakehouse\unfiltered\The_Forbidden_Kingdom\The_Forbidden_Kingdom.csv
Shattered_Dreams,Lakehouse\unfiltered\Shattered_Dreams\Shattered_Dreams.csv
The_Adventure_Begins,Lakehouse\unfiltered\The_Adventure_Begins\The_Adventure_Begins.csv
The_Lost_Island,Lakehouse\unfiltered\The_Lost_Island\The_Lost_Island.csv
The_Storm_is_Coming,Lakehouse\unfiltered\The_Storm_is_Coming\The_Storm_is_Coming.csv
City_of_Shadows,Lakehouse\unfiltered\City_of_Shadows\City_of_Shadows.csv
The_Dragons_Secret,Lakehouse\unfiltered\The_Dragons_Secret\The_Dragons_Secret.csv
The_Last_Hope,Lakehouse\unfiltered\The_Last_Hope\The_Last_Hope.csv
The_Fallen_Hero,Lakehouse\unfiltered\The_Fallen_Hero\The_Fallen_Hero.csv
The_White_Knight,Lakehouse\unfiltered\The_White_Knight\The_White_Knight.csv
The_Power_of_the_Gods,Lakehouse\unfiltered\The_Power_of_the_Gods\The_Power_of_the_Gods.csv
The_Dark_Age,Lakehouse\unfiltered\The_Dark_Age\The_Dark_Age.csv
The_Princesss_Curse,Lakehouse\unfiltered\The_Princesss_Curse\The_Princesss_Curse.csv
End_of_the_Road,Lakehouse\unfiltered\End_of_the_Road\End_of_the_Road.csv
The_Desert_Kings_Return,Lakehouse\unfiltered\The_Desert_Kings_Return\The_Desert_Kings_Return.csv
The_Heist_of_a_Lifetime,Lakehouse\unfiltered\The_Heist_of_a_Lifetime\The_Heist_of_a_Lifetime.csv
The_Eternal_Flame,Lakehouse\unfiltered\The_Eternal_Flame\The_Eternal_Flame.csv
The_Last_Samurai,Lakehouse\unfiltered\The_Last_Samurai\The_Last_Samurai.csv
The_Awakening_of_the_Beast,Lakehouse\unfiltered\The_Awakening_of_the_Beast\The_Awakening_of_the_Beast.csv
End_of_the_Empire,Lakehouse\unfiltered\End_of_the_Empire\End_of_the_Empire.csv
The_Fallen_King,Lakehouse\unfiltered\The_Fallen_King\The_Fallen_King.csv
Through_the_Tunnel,Lakehouse\unfiltered\Through_the_Tunnel\Through_the_Tunnel.csv
The_Princes_Quest,Lakehouse\unfiltered\The_Princes_Quest\The_Princes_Quest.csv
The_Dark_Journey,Lakehouse\unfiltered\The_Dark_Journey\The_Dark_Journey.csv
The_Lions_Roar,Lakehouse\unfiltered\The_Lions_Roar\The_Lions_Roar.csv
The_Warrior_Princess,Lakehouse\unfiltered\The_Warrior_Princess\The_Warrior_Princess.csv
The_Silent_River,Lakehouse\unfiltered\The_Silent_River\The_Silent_River.csv
The_Secret_Fortress,Lakehouse\unfiltered\The_Secret_Fortress\The_Secret_Fortress.csv
The_Demons_Curse,Lakehouse\unfiltered\The_Demons_Curse\The_Demons_Curse.csv
The_Kingdoms_Fall,Lakehouse\unfiltered\The_Kingdoms_Fall\The_Kingdoms_Fall.csv
The_Maze_of_Time,Lakehouse\unfiltered\The_Maze_of_Time\The_Maze_of_Time.csv
The_Lost_Treasure,Lakehouse\unfiltered\The_Lost_Treasure\The_Lost_Treasure.csv
The_Dark_Knights_Rise,Lakehouse\unfiltered\The_Dark_Knights_Rise\The_Dark_Knights_Rise.csv
The_Ghost_in_the_Machine,Lakehouse\unfiltered\The_Ghost_in_the_Machine\The_Ghost_in_the_Machine.csv
The_Kings_Fury,Lakehouse\unfiltered\The_Kings_Fury\The_Kings_Fury.csv
Revenge_of_the_Fallen,Lakehouse\unfiltered\Revenge_of_the_Fallen\Revenge_of_the_Fallen.csv
The_Queens_Curse,Lakehouse\unfiltered\The_Queens_Curse\The_Queens_Curse.csv
The_Shadow_of_the_Beast,Lakehouse\unfiltered\The_Shadow_of_the_Beast\The_Shadow_of_the_Beast.csv
The_Pirates_Treasure,Lakehouse\unfiltered\The_Pirates_Treasure\The_Pirates_Treasure.csv
The_Eternal_Journey,Lakehouse\unfiltered\The_Eternal_Journey\The_Eternal_Journey.csv
The_Last_Dream,Lakehouse\unfiltered\The_Last_Dream\The_Last_Dream.csv
The_Demon_Hunter,Lakehouse\unfiltered\The_Demon_Hunter\The_Demon_Hunter.csv
The_Kings_Dilemma,Lakehouse\unfiltered\The_Kings_Dilemma\The_Kings_Dilemma.csv
Revenge_of_the_Phoenix,Lakehouse\unfiltered\Revenge_of_the_Phoenix\Revenge_of_the_Phoenix.csv
The_Red_Moon,Lakehouse\unfiltered\The_Red_Moon\The_Red_Moon.csv
The_Secret_of_Shadows,Lakehouse\unfiltered\The_Secret_of_Shadows\The_Secret_of_Shadows.csv
The_Lost_Kingdom,Lakehouse\unfiltered\The_Lost_Kingdom\The_Lost_Kingdom.csv
The_Final_Legacy,Lakehouse\unfiltered\The_Final_Legacy\The_Final_Legacy.csv
The_Golden_Crown,Lakehouse\unfiltered\The_Golden_Crown\The_Golden_Crown.csv
The_Eternal_Hero,Lakehouse\unfiltered\The_Eternal_Hero\The_Eternal_Hero.csv
The_Ice_Tomb,Lakehouse\unfiltered\The_Ice_Tomb\The_Ice_Tomb.csv
The_Curse_of_the_Pharaoh,Lakehouse\unfiltered\The_Curse_of_the_Pharaoh\The_Curse_of_the_Pharaoh.csv
The_Warriors_Path,Lakehouse\unfiltered\The_Warriors_Path\The_Warriors_Path.csv
The_Queens_Secret,Lakehouse\unfiltered\The_Queens_Secret\The_Queens_Secret.csv
Chasing_the_Light,Lakehouse\unfiltered\Chasing_the_Light\Chasing_the_Light.csv
The_Last_Sorcerer,Lakehouse\unfiltered\The_Last_Sorcerer\The_Last_Sorcerer.csv
The_Golden_Dragon,Lakehouse\unfiltered\The_Golden_Dragon\The_Golden_Dragon.csv
The_Crimson_Sky,Lakehouse\unfiltered\The_Crimson_Sky\The_Crimson_Sky.csv
The_Warriors_Fate,Lakehouse\unfiltered\The_Warriors_Fate\The_Warriors_Fate.csv
The_Magic_Portal,Lakehouse\unfiltered\The_Magic_Portal\The_Magic_Portal.csv
The_Red_Fortress,Lakehouse\unfiltered\The_Red_Fortress\The_Red_Fortress.csv
The_Legend_of_the_Sword,Lakehouse\unfiltered\The_Legend_of_the_Sword\The_Legend_of_the_Sword.csv
The_Dark_Magic,Lakehouse\unfiltered\The_Dark_Magic\The_Dark_Magic.csv
The_Secret_of_Life,Lakehouse\unfiltered\The_Secret_of_Life\The_Secret_of_Life.csv
Through_the_Shadows,Lakehouse\unfiltered\Through_the_Shadows\Through_the_Shadows.csv
The_City_of_Chaos,Lakehouse\unfiltered\The_City_of_Chaos\The_City_of_Chaos.csv
The_Enchanted_Tower,Lakehouse\unfiltered\The_Enchanted_Tower\The_Enchanted_Tower.csv
The_Rulers_Path,Lakehouse\unfiltered\The_Rulers_Path\The_Rulers_Path.csv
Transformers__Revenge_of_the_Fallen,Lakehouse\unfiltered\Transformers__Revenge_of_the_Fallen\Transformers__Revenge_of_the_Fallen.csv
Avengers__Endgame,Lakehouse\unfiltered\Avengers__Endgame\Avengers__Endgame.csv
Avatar,Lakehouse\unfiltered\Avatar\Avatar.csv
The_Dark_Knight,Lakehouse\unfiltered\The_Dark_Knight\The_Dark_Knight.csv
Iron_Man,Lakehouse\unfiltered\Iron_Man\Iron_Man.csv
Spider-Man__No_Way_Home,Lakehouse\unfiltered\Spider-Man__No_Way_Home\Spider-Man__No_Way_Home.csv
Jurassic_World,Lakehouse\unfiltered\Jurassic_World\Jurassic_World.csv
Guardians_of_the_Galaxy,Lakehouse\unfiltered\Guardians_of_the_Galaxy\Guardians_of_the_Galaxy.csv
Star_Wars__The_Force_Awakens,Lakehouse\unfiltered\Star_Wars__The_Force_Awakens\Star_Wars__The_Force_Awakens.csv
The_Matrix,Lakehouse\unfiltered\The_Matrix\The_Matrix.csv
Black_Panther,Lakehouse\unfiltered\Black_Panther\Black_Panther.csv
The_Lion_King,Lakehouse\unfiltered\The_Lion_King\The_Lion_King.csv
Wonder_Woman,Lakehouse\unfiltered\Wonder_Woman\Wonder_Woman.csv
Avengers__Infinity_War,Lakehouse\unfiltered\Avengers__Infinity_War\Avengers__Infinity_War.csv
Shazam!,Lakehouse\unfiltered\Shazam!\Shazam!.csv
Fast_&_Furious_7,Lakehouse\unfiltered\Fast_&_Furious_7\Fast_&_Furious_7.csv
Deadpool,Lakehouse\unfiltered\Deadpool\Deadpool.csv
Transformers__Dark_of_the_Moon,Lakehouse\unfiltered\Transformers__Dark_of_the_Moon\Transformers__Dark_of_the_Moon.csv
Thor__Ragnarok,Lakehouse\unfiltered\Thor__Ragnarok\Thor__Ragnarok.csv
Inception,Lakehouse\unfiltered\Inception\Inception.csv
The_Avengers,Lakehouse\unfiltered\The_Avengers\The_Avengers.csv
Avatar__The_Way_of_Water,Lakehouse\unfiltered\Avatar__The_Way_of_Water\Avatar__The_Way_of_Water.csv
Spider-Man__Far_From_Home,Lakehouse\unfiltered\Spider-Man__Far_From_Home\Spider-Man__Far_From_Home.csv
Guardians_of_the_Galaxy_Vol._2,Lakehouse\unfiltered\Guardians_of_the_Galaxy_Vol._2\Guardians_of_the_Galaxy_Vol._2.csv
Captain_America__Civil_War,Lakehouse\unfiltered\Captain_America__Civil_War\Captain_America__Civil_War.csv
The_Hobbit__An_Unexpected_Journey,Lakehouse\unfiltered\The_Hobbit__An_Unexpected_Journey\The_Hobbit__An_Unexpected_Journey.csv
Pacific_Rim,Lakehouse\unfiltered\Pacific_Rim\Pacific_Rim.csv
Thor,Lakehouse\unfiltered\Thor\Thor.csv
Doctor_Strange,Lakehouse\unfiltered\Doctor_Strange\Doctor_Strange.csv
Iron_Man_3,Lakehouse\unfiltered\Iron_Man_3\Iron_Man_3.csv
Guardians_of_the_Galaxy_Vol._3,Lakehouse\unfiltered\Guardians_of_the_Galaxy_Vol._3\Guardians_of_the_Galaxy_Vol._3.csv
Captain_Marvel,Lakehouse\unfiltered\Captain_Marvel\Captain_Marvel.csv
Avatar_2,Lakehouse\unfiltered\Avatar_2\Avatar_2.csv
Furious_8,Lakehouse\unfiltered\Furious_8\Furious_8.csv
Transformers__The_Last_Knight,Lakehouse\unfiltered\Transformers__The_Last_Knight\Transformers__The_Last_Knight.csv
Justice_League,Lakehouse\unfiltered\Justice_League\Justice_League.csv
Iron_Man_2,Lakehouse\unfiltered\Iron_Man_2\Iron_Man_2.csv
Captain_America__The_Winter_Soldier,Lakehouse\unfiltered\Captain_America__The_Winter_Soldier\Captain_America__The_Winter_Soldier.csv
The_Amazing_Spider-Man,Lakehouse\unfiltered\The_Amazing_Spider-Man\The_Amazing_Spider-Man.csv
The_Amazing_Spider-Man_2,Lakehouse\unfiltered\The_Amazing_Spider-Man_2\The_Amazing_Spider-Man_2.csv
Suicide_Squad,Lakehouse\unfiltered\Suicide_Squad\Suicide_Squad.csv
Wonder_Woman_1984,Lakehouse\unfiltered\Wonder_Woman_1984\Wonder_Woman_1984.csv
X-Men__Days_of_Future_Past,Lakehouse\unfiltered\X-Men__Days_of_Future_Past\X-Men__Days_of_Future_Past.csv
The_Incredibles_2,Lakehouse\unfiltered\The_Incredibles_2\The_Incredibles_2.csv
Shazam!_Fury_of_the_Gods,Lakehouse\unfiltered\Shazam!_Fury_of_the_Gods\Shazam!_Fury_of_the_Gods.csv
The_Suicide_Squad,Lakehouse\unfiltered\The_Suicide_Squad\The_Suicide_Squad.csv
Spider-Man_2,Lakehouse\unfiltered\Spider-Man_2\Spider-Man_2.csv
X-Men__Apocalypse,Lakehouse\unfiltered\X-Men__Apocalypse\X-Men__Apocalypse.csv
Fantastic_Four,Lakehouse\unfiltered\Fantastic_Four\Fantastic_Four.csv
Fantastic_Four__Rise_of_the_Silver_Surfer,Lakehouse\unfiltered\Fantastic_Four__Rise_of_the_Silver_Surfer\Fantastic_Four__Rise_of_the_Silver_Surfer.csv
Doctor_Strange_in_the_Multiverse_of_Madness,Lakehouse\unfiltered\Doctor_Strange_in_the_Multiverse_of_Madness\Doctor_Strange_in_the_Multiverse_of_Madness.csv
The_Flash,Lakehouse\unfiltered\The_Flash\The_Flash.csv
Aquaman,Lakehouse\unfiltered\Aquaman\Aquaman.csv
Spider-Man,Lakehouse\unfiltered\Spider-Man\Spider-Man.csv
Ant-Man,Lakehouse\unfiltered\Ant-Man\Ant-Man.csv
The_Avengers__Age_of_Ultron,Lakehouse\unfiltered\The_Avengers__Age_of_Ultron\The_Avengers__Age_of_Ultron.csv
Captain_America__The_First_Avenger,Lakehouse\unfiltered\Captain_America__The_First_Avenger\Captain_America__The_First_Avenger.csv
X-Men__First_Class,Lakehouse\unfiltered\X-Men__First_Class\X-Men__First_Class.csv
Star_Wars__The_Last_Jedi,Lakehouse\unfiltered\Star_Wars__The_Last_Jedi\Star_Wars__The_Last_Jedi.csv
Star_Wars__The_Rise_of_Skywalker,Lakehouse\unfiltered\Star_Wars__The_Rise_of_Skywalker\Star_Wars__The_Rise_of_Skywalker.csv
The_Chronicles_of_Narnia__The_Lion,Lakehouse\unfiltered\The_Chronicles_of_Narnia__The_Lion\The_Chronicles_of_Narnia__The_Lion.csv
The_Chronicles_of_Narnia__Prince_Caspian,Lakehouse\unfiltered\The_Chronicles_of_Narnia__Prince_Caspian\The_Chronicles_of_Narnia__Prince_Caspian.csv
The_Chronicles_of_Narnia__The_Voyage_of_the_Dawn_Treader,Lakehouse\unfiltered\The_Chronicles_of_Narnia__The_Voyage_of_the_Dawn_Treader\The_Chronicles_of_Narnia__The_Voyage_of_the_Dawn_Treader.csv
Captain_Marvel_2,Lakehouse\unfiltered\Captain_Marvel_2\Captain_Marvel_2.csv
Star_Wars__Rogue_One,Lakehouse\unfiltered\Star_Wars__Rogue_One\Star_Wars__Rogue_One.csv
Star_Wars__Solo,Lakehouse\unfiltered\Star_Wars__Solo\Star_Wars__Solo.csv
The_Mummy,Lakehouse\unfiltered\The_Mummy\The_Mummy.csv
The_Dark_Knight_Rises,Lakehouse\unfiltered\The_Dark_Knight_Rises\The_Dark_Knight_Rises.csv
Suicide_Squad_2,Lakehouse\unfiltered\Suicide_Squad_2\Suicide_Squad_2.csv
Batman_v_Superman__Dawn_of_Justice,Lakehouse\unfiltered\Batman_v_Superman__Dawn_of_Justice\Batman_v_Superman__Dawn_of_Justice.csv
The_Lego_Movie,Lakehouse\unfiltered\The_Lego_Movie\The_Lego_Movie.csv
The_Lego_Batman_Movie,Lakehouse\unfiltered\The_Lego_Batman_Movie\The_Lego_Batman_Movie.csv
Thor__The_Dark_World,Lakehouse\unfiltered\Thor__The_Dark_World\Thor__The_Dark_World.csv
Thor__Love_and_Thunder,Lakehouse\unfiltered\Thor__Love_and_Thunder\Thor__Love_and_Thunder.csv
Avengers__Age_of_Ultron,Lakehouse\unfiltered\Avengers__Age_of_Ultron\Avengers__Age_of_Ultron.csv
Deadpool_2,Lakehouse\unfiltered\Deadpool_2\Deadpool_2.csv
The_Equalizer_2,Lakehouse\unfiltered\The_Equalizer_2\The_Equalizer_2.csv
Venom,Lakehouse\unfiltered\Venom\Venom.csv
Venom__Let_There_Be_Carnage,Lakehouse\unfiltered\Venom__Let_There_Be_Carnage\Venom__Let_There_Be_Carnage.csv
Spider-Man_3,Lakehouse\unfiltered\Spider-Man_3\Spider-Man_3.csv
X-Men__The_Last_Stand,Lakehouse\unfiltered\X-Men__The_Last_Stand\X-Men__The_Last_Stand.csv
The_Wolverine,Lakehouse\unfiltered\The_Wolverine\The_Wolverine.csv
Logan,Lakehouse\unfiltered\Logan\Logan.csv
Transformers,Lakehouse\unfiltered\Transformers\Transformers.csv
Transformers__Age_of_Extinction,Lakehouse\unfiltered\Transformers__Age_of_Extinction\Transformers__Age_of_Extinction.csv
Shazam,Lakehouse\unfiltered\Shazam\Shazam.csv
Furious_7,Lakehouse\unfiltered\Furious_7\Furious_7.csv
F8_of_the_Furious,Lakehouse\unfiltered\F8_of_the_Furious\F8_of_the_Furious.csv
Star_Wars__Episode_I_–_The_Phantom_Menace,Lakehouse\unfiltered\Star_Wars__Episode_I_–_The_Phantom_Menace\Star_Wars__Episode_I_–_The_Phantom_Menace.csv
Star_Wars__Episode_II_–_Attack_of_the_Clones,Lakehouse\unfiltered\Star_Wars__Episode_II_–_Attack_of_the_Clones\Star_Wars__Episode_II_–_Attack_of_the_Clones.csv
Star_Wars__Episode_III_–_Revenge_of_the_Sith,Lakehouse\unfiltered\Star_Wars__Episode_III_–_Revenge_of_the_Sith\Star_Wars__Episode_III_–_Revenge_of_the_Sith.csv
The_Incredible_Hulk,Lakehouse\unfiltered\The_Incredible_Hulk\The_Incredible_Hulk.csv
Black_Widow,Lakehouse\unfiltered\Black_Widow\Black_Widow.csv
The_Mandalorian,Lakehouse\unfiltered\The_Mandalorian\The_Mandalorian.csv
Ant-Man_and_The_Wasp,Lakehouse\unfiltered\Ant-Man_and_The_Wasp\Ant-Man_and_The_Wasp.csv
X-Men,Lakehouse\unfiltered\X-Men\X-Men.csv
X2__X-Men_United,Lakehouse\unfiltered\X2__X-Men_United\X2__X-Men_United.csv
Batman_Begins,Lakehouse\unfiltered\Batman_Begins\Batman_Begins.csv
Green_Lantern,Lakehouse\unfiltered\Green_Lantern\Green_Lantern.csv
Spider-Man__Into_the_Spider-Verse,Lakehouse\unfiltered\Spider-Man__Into_the_Spider-Verse\Spider-Man__Into_the_Spider-Verse.csv
Spider-Man__Across_the_Spider-Verse,Lakehouse\unfiltered\Spider-Man__Across_the_Spider-Verse\Spider-Man__Across_the_Spider-Verse.csv
The_Fast_and_the_Furious,Lakehouse\unfiltered\The_Fast_and_the_Furious\The_Fast_and_the_Furious.csv
2_Fast_2_Furious,Lakehouse\unfiltered\2_Fast_2_Furious\2_Fast_2_Furious.csv
Fast_&_Furious_6,Lakehouse\unfiltered\Fast_&_Furious_6\Fast_&_Furious_6.csv
Furious_9,Lakehouse\unfiltered\Furious_9\Furious_9.csv
The_Fate_of_the_Furious,Lakehouse\unfiltered\The_Fate_of_the_Furious\The_Fate_of_the_Furious.csv
Fast_X,Lakehouse\unfiltered\Fast_X\Fast_X.csv
The_Matrix_Reloaded,Lakehouse\unfiltered\The_Matrix_Reloaded\The_Matrix_Reloaded.csv
The_Matrix_Revolutions,Lakehouse\unfiltered\The_Matrix_Revolutions\The_Matrix_Revolutions.csv
Jurassic_World__Fallen_Kingdom,Lakehouse\unfiltered\Jurassic_World__Fallen_Kingdom\Jurassic_World__Fallen_Kingdom.csv
Jurassic_World__Dominion,Lakehouse\unfiltered\Jurassic_World__Dominion\Jurassic_World__Dominion.csv
King_Kong,Lakehouse\unfiltered\King_Kong\King_Kong.csv
Godzilla__King_of_the_Monsters,Lakehouse\unfiltered\Godzilla__King_of_the_Monsters\Godzilla__King_of_the_Monsters.csv
Godzilla_vs._Kong,Lakehouse\unfiltered\Godzilla_vs._Kong\Godzilla_vs._Kong.csv
Pacific_Rim__Uprising,Lakehouse\unfiltered\Pacific_Rim__Uprising\Pacific_Rim__Uprising.csv
Edge_of_Tomorrow,Lakehouse\unfiltered\Edge_of_Tomorrow\Edge_of_Tomorrow.csv
Interstellar,Lakehouse\unfiltered\Interstellar\Interstellar.csv
Looper,Lakehouse\unfiltered\Looper\Looper.csv
Dredd,Lakehouse\unfiltered\Dredd\Dredd.csv
Naruto__The_Movie,Lakehouse\unfiltered\Naruto__The_Movie\Naruto__The_Movie.csv
Naruto_Shippuden__The_Movie,Lakehouse\unfiltered\Naruto_Shippuden__The_Movie\Naruto_Shippuden__The_Movie.csv
One_Piece_Film__Z,Lakehouse\unfiltered\One_Piece_Film__Z\One_Piece_Film__Z.csv
Dragon_Ball_Z__Battle_of_Gods,Lakehouse\unfiltered\Dragon_Ball_Z__Battle_of_Gods\Dragon_Ball_Z__Battle_of_Gods.csv
Dragon_Ball_Z__Resurrection_F,Lakehouse\unfiltered\Dragon_Ball_Z__Resurrection_F\Dragon_Ball_Z__Resurrection_F.csv
My_Neighbor_Totoro,Lakehouse\unfiltered\My_Neighbor_Totoro\My_Neighbor_Totoro.csv
Spirited_Away,Lakehouse\unfiltered\Spirited_Away\Spirited_Away.csv
Princess_Mononoke,Lakehouse\unfiltered\Princess_Mononoke\Princess_Mononoke.csv
Howls_Moving_Castle,Lakehouse\unfiltered\Howls_Moving_Castle\Howls_Moving_Castle.csv
Kikis_Delivery_Service,Lakehouse\unfiltered\Kikis_Delivery_Service\Kikis_Delivery_Service.csv
Ponyo,Lakehouse\unfiltered\Ponyo\Ponyo.csv
The_Wind_Rises,Lakehouse\unfiltered\The_Wind_Rises\The_Wind_Rises.csv
The_Tale_of_the_Princess_Kaguya,Lakehouse\unfiltered\The_Tale_of_the_Princess_Kaguya\The_Tale_of_the_Princess_Kaguya.csv
Your_Name,Lakehouse\unfiltered\Your_Name\Your_Name.csv
Weathering_With_You,Lakehouse\unfiltered\Weathering_With_You\Weathering_With_You.csv
A_Silent_Voice,Lakehouse\unfiltered\A_Silent_Voice\A_Silent_Voice.csv
Akira,Lakehouse\unfiltered\Akira\Akira.csv
Ghost_in_the_Shell,Lakehouse\unfiltered\Ghost_in_the_Shell\Ghost_in_the_Shell.csv
My_Hero_Academia__Two_Heroes,Lakehouse\unfiltered\My_Hero_Academia__Two_Heroes\My_Hero_Academia__Two_Heroes.csv
My_Hero_Academia__Heroes_Rising,Lakehouse\unfiltered\My_Hero_Academia__Heroes_Rising\My_Hero_Academia__Heroes_Rising.csv
Dragon_Ball_Super__Broly,Lakehouse\unfiltered\Dragon_Ball_Super__Broly\Dragon_Ball_Super__Broly.csv
Attack_on_Titan__The_Movie,Lakehouse\unfiltered\Attack_on_Titan__The_Movie\Attack_on_Titan__The_Movie.csv
Neon_Genesis_Evangelion__The_End_of_Evangelion,Lakehouse\unfiltered\Neon_Genesis_Evangelion__The_End_of_Evangelion\Neon_Genesis_Evangelion__The_End_of_Evangelion.csv
Neon_Genesis_Evangelion__Death_&_Rebirth,Lakehouse\unfiltered\Neon_Genesis_Evangelion__Death_&_Rebirth\Neon_Genesis_Evangelion__Death_&_Rebirth.csv
The_Secret_World_of_Arrietty,Lakehouse\unfiltered\The_Secret_World_of_Arrietty\The_Secret_World_of_Arrietty.csv
Mewtwo_Strikes_Back,Lakehouse\unfiltered\Mewtwo_Strikes_Back\Mewtwo_Strikes_Back.csv
The_Simpsons_Movie,Lakehouse\unfiltered\The_Simpsons_Movie\The_Simpsons_Movie.csv
Bee_Movie,Lakehouse\unfiltered\Bee_Movie\Bee_Movie.csv
Shrek,Lakehouse\unfiltered\Shrek\Shrek.csv
Shrek_2,Lakehouse\unfiltered\Shrek_2\Shrek_2.csv
Shrek_the_Third,Lakehouse\unfiltered\Shrek_the_Third\Shrek_the_Third.csv
Shrek_Forever_After,Lakehouse\unfiltered\Shrek_Forever_After\Shrek_Forever_After.csv
Kung_Fu_Panda,Lakehouse\unfiltered\Kung_Fu_Panda\Kung_Fu_Panda.csv
Kung_Fu_Panda_2,Lakehouse\unfiltered\Kung_Fu_Panda_2\Kung_Fu_Panda_2.csv
Kung_Fu_Panda_3,Lakehouse\unfiltered\Kung_Fu_Panda_3\Kung_Fu_Panda_3.csv
How_to_Train_Your_Dragon,Lakehouse\unfiltered\How_to_Train_Your_Dragon\How_to_Train_Your_Dragon.csv
How_to_Train_Your_Dragon_2,Lakehouse\unfiltered\How_to_Train_Your_Dragon_2\How_to_Train_Your_Dragon_2.csv
How_to_Train_Your_Dragon__The_Hidden_World,Lakehouse\unfiltered\How_to_Train_Your_Dragon__The_Hidden_World\How_to_Train_Your_Dragon__The_Hidden_World.csv
Trolls,Lakehouse\unfiltered\Trolls\Trolls.csv
Trolls_World_Tour,Lakehouse\unfiltered\Trolls_World_Tour\Trolls_World_Tour.csv
Zootopia,Lakehouse\unfiltered\Zootopia\Zootopia.csv
Frozen,Lakehouse\unfiltered\Frozen\Frozen.csv
Frozen_II,Lakehouse\unfiltered\Frozen_II\Frozen_II.csv
Big_Hero_6,Lakehouse\unfiltered\Big_Hero_6\Big_Hero_6.csv
Ratatouille,Lakehouse\unfiltered\Ratatouille\Ratatouille.csv
Wreck-It_Ralph,Lakehouse\unfiltered\Wreck-It_Ralph\Wreck-It_Ralph.csv
Ralph_Breaks_the_Internet,Lakehouse\unfiltered\Ralph_Breaks_the_Internet\Ralph_Breaks_the_Internet.csv
Moana,Lakehouse\unfiltered\Moana\Moana.csv
Coco,Lakehouse\unfiltered\Coco\Coco.csv
The_Incredibles,Lakehouse\unfiltered\The_Incredibles\The_Incredibles.csv
Despicable_Me,Lakehouse\unfiltered\Despicable_Me\Despicable_Me.csv
Despicable_Me_2,Lakehouse\unfiltered\Despicable_Me_2\Despicable_Me_2.csv
Despicable_Me_3,Lakehouse\unfiltered\Despicable_Me_3\Despicable_Me_3.csv
Minions,Lakehouse\unfiltered\Minions\Minions.csv
Minions__The_Rise_of_Gru,Lakehouse\unfiltered\Minions__The_Rise_of_Gru\Minions__The_Rise_of_Gru.csv
The_Lion_King_(2019),Lakehouse\unfiltered\The_Lion_King_(2019)\The_Lion_King_(2019).csv
Aladdin,Lakehouse\unfiltered\Aladdin\Aladdin.csv
Aladdin_(2019),Lakehouse\unfiltered\Aladdin_(2019)\Aladdin_(2019).csv
Bambi,Lakehouse\unfiltered\Bambi\Bambi.csv
The_Little_Mermaid,Lakehouse\unfiltered\The_Little_Mermaid\The_Little_Mermaid.csv
101_Dalmatians,Lakehouse\unfiltered\101_Dalmatians\101_Dalmatians.csv
Peter_Pan,Lakehouse\unfiltered\Peter_Pan\Peter_Pan.csv
Pinocchio,Lakehouse\unfiltered\Pinocchio\Pinocchio.csv
Dumbo,Lakehouse\unfiltered\Dumbo\Dumbo.csv
Cinderella,Lakehouse\unfiltered\Cinderella\Cinderella.csv
Snow_White_and_the_Seven_Dwarfs,Lakehouse\unfiltered\Snow_White_and_the_Seven_Dwarfs\Snow_White_and_the_Seven_Dwarfs.csv
Tangled,Lakehouse\unfiltered\Tangled\Tangled.csv
The_Princess_and_the_Frog,Lakehouse\unfiltered\The_Princess_and_the_Frog\The_Princess_and_the_Frog.csv
The_Sword_in_the_Stone,Lakehouse\unfiltered\The_Sword_in_the_Stone\The_Sword_in_the_Stone.csv
Robin_Hood,Lakehouse\unfiltered\Robin_Hood\Robin_Hood.csv
The_Fox_and_the_Hound,Lakehouse\unfiltered\The_Fox_and_the_Hound\The_Fox_and_the_Hound.csv
The_Rescuers,Lakehouse\unfiltered\The_Rescuers\The_Rescuers.csv
The_Great_Mouse_Detective,Lakehouse\unfiltered\The_Great_Mouse_Detective\The_Great_Mouse_Detective.csv
Oliver_&_Company,Lakehouse\unfiltered\Oliver_&_Company\Oliver_&_Company.csv
Atlantis__The_Lost_Empire,Lakehouse\unfiltered\Atlantis__The_Lost_Empire\Atlantis__The_Lost_Empire.csv
Lilo_&_Stitch,Lakehouse\unfiltered\Lilo_&_Stitch\Lilo_&_Stitch.csv
Meet_the_Robinsons,Lakehouse\unfiltered\Meet_the_Robinsons\Meet_the_Robinsons.csv
The_Emperors_New_Groove,Lakehouse\unfiltered\The_Emperors_New_Groove\The_Emperors_New_Groove.csv
The_Hunchback_of_Notre_Dame,Lakehouse\unfiltered\The_Hunchback_of_Notre_Dame\The_Hunchback_of_Notre_Dame.csv
Fantasia,Lakehouse\unfiltered\Fantasia\Fantasia.csv
Fantasia_2000,Lakehouse\unfiltered\Fantasia_2000\Fantasia_2000.csv
The_Black_Cauldron,Lakehouse\unfiltered\The_Black_Cauldron\The_Black_Cauldron.csv
The_Jungle_Book,Lakehouse\unfiltered\The_Jungle_Book\The_Jungle_Book.csv
The_Jungle_Book_(2016),Lakehouse\unfiltered\The_Jungle_Book_(2016)\The_Jungle_Book_(2016).csv
The_Aristocats,Lakehouse\unfiltered\The_Aristocats\The_Aristocats.csv
The_Many_Adventures_of_Winnie_the_Pooh,Lakehouse\unfiltered\The_Many_Adventures_of_Winnie_the_Pooh\The_Many_Adventures_of_Winnie_the_Pooh.csv
The_Rescuers_Down_Under,Lakehouse\unfiltered\The_Rescuers_Down_Under\The_Rescuers_Down_Under.csv
The_Secret_of_Kells,Lakehouse\unfiltered\The_Secret_of_Kells\The_Secret_of_Kells.csv
The_Triplets_of_Belleville,Lakehouse\unfiltered\The_Triplets_of_Belleville\The_Triplets_of_Belleville.csv
Coraline,Lakehouse\unfiltered\Coraline\Coraline.csv
ParaNorman,Lakehouse\unfiltered\ParaNorman\ParaNorman.csv
Frankenweenie,Lakehouse\unfiltered\Frankenweenie\Frankenweenie.csv
The_Boxtrolls,Lakehouse\unfiltered\The_Boxtrolls\The_Boxtrolls.csv
The_Nightmare_Before_Christmas,Lakehouse\unfiltered\The_Nightmare_Before_Christmas\The_Nightmare_Before_Christmas.csv
James_and_the_Giant_Peach,Lakehouse\unfiltered\James_and_the_Giant_Peach\James_and_the_Giant_Peach.csv
The_Lego_Ninjago_Movie,Lakehouse\unfiltered\The_Lego_Ninjago_Movie\The_Lego_Ninjago_Movie.csv
The_Lego_Movie_2__The_Second_Part,Lakehouse\unfiltered\The_Lego_Movie_2__The_Second_Part\The_Lego_Movie_2__The_Second_Part.csv
The_Willoughbys,Lakehouse\unfiltered\The_Willoughbys\The_Willoughbys.csv
Hotel_Transylvania,Lakehouse\unfiltered\Hotel_Transylvania\Hotel_Transylvania.csv
Hotel_Transylvania_2,Lakehouse\unfiltered\Hotel_Transylvania_2\Hotel_Transylvania_2.csv
Hotel_Transylvania_3__Summer_Vacation,Lakehouse\unfiltered\Hotel_Transylvania_3__Summer_Vacation\Hotel_Transylvania_3__Summer_Vacation.csv
Minions_and_More_1,Lakehouse\unfiltered\Minions_and_More_1\Minions_and_More_1.csv
Tom_and_Jerry__The_Movie,Lakehouse\unfiltered\Tom_and_Jerry__The_Movie\Tom_and_Jerry__The_Movie.csv
Scoob!,Lakehouse\unfiltered\Scoob!\Scoob!.csv
The_SpongeBob_SquarePants_Movie,Lakehouse\unfiltered\The_SpongeBob_SquarePants_Movie\The_SpongeBob_SquarePants_Movie.csv
Sponge_on_the_Run,Lakehouse\unfiltered\Sponge_on_the_Run\Sponge_on_the_Run.csv
Rugrats_in_Paris__The_Movie,Lakehouse\unfiltered\Rugrats_in_Paris__The_Movie\Rugrats_in_Paris__The_Movie.csv
The_Croods,Lakehouse\unfiltered\The_Croods\The_Croods.csv
The_Croods__A_New_Age,Lakehouse\unfiltered\The_Croods__A_New_Age\The_Croods__A_New_Age.csv
Ice_Age,Lakehouse\unfiltered\Ice_Age\Ice_Age.csv
Ice_Age__The_Meltdown,Lakehouse\unfiltered\Ice_Age__The_Meltdown\Ice_Age__The_Meltdown.csv
Ice_Age__Dawn_of_the_Dinosaurs,Lakehouse\unfiltered\Ice_Age__Dawn_of_the_Dinosaurs\Ice_Age__Dawn_of_the_Dinosaurs.csv
Ice_Age__Continental_Drift,Lakehouse\unfiltered\Ice_Age__Continental_Drift\Ice_Age__Continental_Drift.csv
Ice_Age__Collision_Course,Lakehouse\unfiltered\Ice_Age__Collision_Course\Ice_Age__Collision_Course.csv
Cloudy_with_a_Chance_of_Meatballs,Lakehouse\unfiltered\Cloudy_with_a_Chance_of_Meatballs\Cloudy_with_a_Chance_of_Meatballs.csv
Cloudy_with_a_Chance_of_Meatballs_2,Lakehouse\unfiltered\Cloudy_with_a_Chance_of_Meatballs_2\Cloudy_with_a_Chance_of_Meatballs_2.csv
Ferdinand,Lakehouse\unfiltered\Ferdinand\Ferdinand.csv
Arthur_and_the_Invisibles,Lakehouse\unfiltered\Arthur_and_the_Invisibles\Arthur_and_the_Invisibles.csv
Storks,Lakehouse\unfiltered\Storks\Storks.csv
The_Angry_Birds_Movie,Lakehouse\unfiltered\The_Angry_Birds_Movie\The_Angry_Birds_Movie.csv
The_Angry_Birds_Movie_2,Lakehouse\unfiltered\The_Angry_Birds_Movie_2\The_Angry_Birds_Movie_2.csv
Despicable_Me_4,Lakehouse\unfiltered\Despicable_Me_4\Despicable_Me_4.csv
Naruto,Lakehouse\unfiltered\Naruto\Naruto.csv
Naruto_Shippuden,Lakehouse\unfiltered\Naruto_Shippuden\Naruto_Shippuden.csv
Attack_on_Titan,Lakehouse\unfiltered\Attack_on_Titan\Attack_on_Titan.csv
One_Piece,Lakehouse\unfiltered\One_Piece\One_Piece.csv
Dragon_Ball_Z,Lakehouse\unfiltered\Dragon_Ball_Z\Dragon_Ball_Z.csv
Dragon_Ball_Super,Lakehouse\unfiltered\Dragon_Ball_Super\Dragon_Ball_Super.csv
My_Hero_Academia,Lakehouse\unfiltered\My_Hero_Academia\My_Hero_Academia.csv
Demon_Slayer__Kimetsu_no_Yaiba,Lakehouse\unfiltered\Demon_Slayer__Kimetsu_no_Yaiba\Demon_Slayer__Kimetsu_no_Yaiba.csv
Fullmetal_Alchemist__Brotherhood,Lakehouse\unfiltered\Fullmetal_Alchemist__Brotherhood\Fullmetal_Alchemist__Brotherhood.csv
Tokyo_Ghoul,Lakehouse\unfiltered\Tokyo_Ghoul\Tokyo_Ghoul.csv
Death_Note,Lakehouse\unfiltered\Death_Note\Death_Note.csv
One_Punch_Man,Lakehouse\unfiltered\One_Punch_Man\One_Punch_Man.csv
Attack_on_Titan__The_Final_Season,Lakehouse\unfiltered\Attack_on_Titan__The_Final_Season\Attack_on_Titan__The_Final_Season.csv
The_Seven_Deadly_Sins,Lakehouse\unfiltered\The_Seven_Deadly_Sins\The_Seven_Deadly_Sins.csv
JoJos_Bizarre_Adventure,Lakehouse\unfiltered\JoJos_Bizarre_Adventure\JoJos_Bizarre_Adventure.csv
Neon_Genesis_Evangelion,Lakehouse\unfiltered\Neon_Genesis_Evangelion\Neon_Genesis_Evangelion.csv
Re_Zero_-_Starting_Life_in_Another_World,Lakehouse\unfiltered\Re_Zero_-_Starting_Life_in_Another_World\Re_Zero_-_Starting_Life_in_Another_World.csv
Code_Geass__Lelouch_of_the_Rebellion,Lakehouse\unfiltered\Code_Geass__Lelouch_of_the_Rebellion\Code_Geass__Lelouch_of_the_Rebellion.csv
Steins;Gate,Lakehouse\unfiltered\Steins;Gate\Steins;Gate.csv
Inuyasha,Lakehouse\unfiltered\Inuyasha\Inuyasha.csv
The_Promised_Neverland,Lakehouse\unfiltered\The_Promised_Neverland\The_Promised_Neverland.csv
Black_Clover,Lakehouse\unfiltered\Black_Clover\Black_Clover.csv
Food_Wars!,Lakehouse\unfiltered\Food_Wars!\Food_Wars!.csv
Fairy_Tail,Lakehouse\unfiltered\Fairy_Tail\Fairy_Tail.csv
Haikyuu!!,Lakehouse\unfiltered\Haikyuu!!\Haikyuu!!.csv
Mob_Psycho_100,Lakehouse\unfiltered\Mob_Psycho_100\Mob_Psycho_100.csv
Great_Pretender,Lakehouse\unfiltered\Great_Pretender\Great_Pretender.csv
Beastars,Lakehouse\unfiltered\Beastars\Beastars.csv
Akame_ga_Kill!,Lakehouse\unfiltered\Akame_ga_Kill!\Akame_ga_Kill!.csv
Angel_Beats!,Lakehouse\unfiltered\Angel_Beats!\Angel_Beats!.csv
Black_Lagoon,Lakehouse\unfiltered\Black_Lagoon\Black_Lagoon.csv
Hunter_x_Hunter,Lakehouse\unfiltered\Hunter_x_Hunter\Hunter_x_Hunter.csv
Trigun,Lakehouse\unfiltered\Trigun\Trigun.csv
Attack_on_Titan__No_Regrets,Lakehouse\unfiltered\Attack_on_Titan__No_Regrets\Attack_on_Titan__No_Regrets.csv
Tokyo_Revengers,Lakehouse\unfiltered\Tokyo_Revengers\Tokyo_Revengers.csv
Psycho-Pass,Lakehouse\unfiltered\Psycho-Pass\Psycho-Pass.csv
Naruto__Shippuden_Movie_3,Lakehouse\unfiltered\Naruto__Shippuden_Movie_3\Naruto__Shippuden_Movie_3.csv
The_Devil_Is_a_Part-Timer!,Lakehouse\unfiltered\The_Devil_Is_a_Part-Timer!\The_Devil_Is_a_Part-Timer!.csv
Blue_Exorcist,Lakehouse\unfiltered\Blue_Exorcist\Blue_Exorcist.csv
Overlord,Lakehouse\unfiltered\Overlord\Overlord.csv
Mob_Psycho_100_II,Lakehouse\unfiltered\Mob_Psycho_100_II\Mob_Psycho_100_II.csv
Trinity_Seven,Lakehouse\unfiltered\Trinity_Seven\Trinity_Seven.csv
No_Game_No_Life,Lakehouse\unfiltered\No_Game_No_Life\No_Game_No_Life.csv
The_Rising_of_the_Shield_Hero,Lakehouse\unfiltered\The_Rising_of_the_Shield_Hero\The_Rising_of_the_Shield_Hero.csv
Clannad,Lakehouse\unfiltered\Clannad\Clannad.csv
Clannad__After_Story,Lakehouse\unfiltered\Clannad__After_Story\Clannad__After_Story.csv
The_Ancient_Magus_Bride,Lakehouse\unfiltered\The_Ancient_Magus_Bride\The_Ancient_Magus_Bride.csv
Promare,Lakehouse\unfiltered\Promare\Promare.csv
Beelzebub,Lakehouse\unfiltered\Beelzebub\Beelzebub.csv
Death_Parade,Lakehouse\unfiltered\Death_Parade\Death_Parade.csv
March_Comes_in_Like_a_Lion,Lakehouse\unfiltered\March_Comes_in_Like_a_Lion\March_Comes_in_Like_a_Lion.csv
Little_Witch_Academia,Lakehouse\unfiltered\Little_Witch_Academia\Little_Witch_Academia.csv
Attack_on_Titan__Junior_High,Lakehouse\unfiltered\Attack_on_Titan__Junior_High\Attack_on_Titan__Junior_High.csv
The_Quintessential_Quintuplets,Lakehouse\unfiltered\The_Quintessential_Quintuplets\The_Quintessential_Quintuplets.csv
Attack_on_Titan__Lost_Girls,Lakehouse\unfiltered\Attack_on_Titan__Lost_Girls\Attack_on_Titan__Lost_Girls.csv
JoJos_Bizarre_Adventure__Stardust_Crusaders,Lakehouse\unfiltered\JoJos_Bizarre_Adventure__Stardust_Crusaders\JoJos_Bizarre_Adventure__Stardust_Crusaders.csv
Monogatari_Series,Lakehouse\unfiltered\Monogatari_Series\Monogatari_Series.csv
The_Irregular_at_Magic_High_School,Lakehouse\unfiltered\The_Irregular_at_Magic_High_School\The_Irregular_at_Magic_High_School.csv
Attack_on_Titan__The_Final_Season_Part_2,Lakehouse\unfiltered\Attack_on_Titan__The_Final_Season_Part_2\Attack_on_Titan__The_Final_Season_Part_2.csv
Tokyo_Ghoul_re,Lakehouse\unfiltered\Tokyo_Ghoul_re\Tokyo_Ghoul_re.csv
Haikyuu!!__To_the_Top,Lakehouse\unfiltered\Haikyuu!!__To_the_Top\Haikyuu!!__To_the_Top.csv
The_Promised_Neverland_2,Lakehouse\unfiltered\The_Promised_Neverland_2\The_Promised_Neverland_2.csv
Puella_Magi_Madoka_Magica,Lakehouse\unfiltered\Puella_Magi_Madoka_Magica\Puella_Magi_Madoka_Magica.csv
Attack_on_Titan__Season_2,Lakehouse\unfiltered\Attack_on_Titan__Season_2\Attack_on_Titan__Season_2.csv
Attack_on_Titan__Season_3,Lakehouse\unfiltered\Attack_on_Titan__Season_3\Attack_on_Titan__Season_3.csv
Black_Clover__Sword_of_the_Wizard_King,Lakehouse\unfiltered\Black_Clover__Sword_of_the_Wizard_King\Black_Clover__Sword_of_the_Wizard_King.csv
Assassination_Classroom,Lakehouse\unfiltered\Assassination_Classroom\Assassination_Classroom.csv
Erased,Lakehouse\unfiltered\Erased\Erased.csv
Fruits_Basket,Lakehouse\unfiltered\Fruits_Basket\Fruits_Basket.csv
Hellsing,Lakehouse\unfiltered\Hellsing\Hellsing.csv
High_School_DxD,Lakehouse\unfiltered\High_School_DxD\High_School_DxD.csv
Your_Lie_in_April,Lakehouse\unfiltered\Your_Lie_in_April\Your_Lie_in_April.csv
Log_Horizon,Lakehouse\unfiltered\Log_Horizon\Log_Horizon.csv
Overlord_II,Lakehouse\unfiltered\Overlord_II\Overlord_II.csv
Beastars_2,Lakehouse\unfiltered\Beastars_2\Beastars_2.csv
The_Great_Pretender,Lakehouse\unfiltered\The_Great_Pretender\The_Great_Pretender.csv
Food_Wars!_The_Fourth_Plate,Lakehouse\unfiltered\Food_Wars!_The_Fourth_Plate\Food_Wars!_The_Fourth_Plate.csv
Dr._Stone,Lakehouse\unfiltered\Dr._Stone\Dr._Stone.csv
Kaguya-sama__Love_Is_War,Lakehouse\unfiltered\Kaguya-sama__Love_Is_War\Kaguya-sama__Love_Is_War.csv
One_Punch_Man_2,Lakehouse\unfiltered\One_Punch_Man_2\One_Punch_Man_2.csv
Sword_Art_Online,Lakehouse\unfiltered\Sword_Art_Online\Sword_Art_Online.csv
Re_Zero_-_Starting_Life_in_Another_World_2,Lakehouse\unfiltered\Re_Zero_-_Starting_Life_in_Another_World_2\Re_Zero_-_Starting_Life_in_Another_World_2.csv
JoJos_Bizarre_Adventure__Diamond_Is_Unbreakable,Lakehouse\unfiltered\JoJos_Bizarre_Adventure__Diamond_Is_Unbreakable\JoJos_Bizarre_Adventure__Diamond_Is_Unbreakable.csv
Spice_and_Wolf,Lakehouse\unfiltered\Spice_and_Wolf\Spice_and_Wolf.csv
Pataal_Lok,Lakehouse\unfiltered\Pataal_Lok\Pataal_Lok.csv
Upload,Lakehouse\unfiltered\Upload\Upload.csv
The_Marvelous_Mrs._Maisel,Lakehouse\unfiltered\The_Marvelous_Mrs._Maisel\The_Marvelous_Mrs._Maisel.csv
Four_More_Shots_Please,Lakehouse\unfiltered\Four_More_Shots_Please\Four_More_Shots_Please.csv
Fleabag,Lakehouse\unfiltered\Fleabag\Fleabag.csv
Made_in_Heaven,Lakehouse\unfiltered\Made_in_Heaven\Made_in_Heaven.csv
Homecoming,Lakehouse\unfiltered\Homecoming\Homecoming.csv
Mirzapur,Lakehouse\unfiltered\Mirzapur\Mirzapur.csv
The_Family_Man,Lakehouse\unfiltered\The_Family_Man\The_Family_Man.csv
Modern_Love,Lakehouse\unfiltered\Modern_Love\Modern_Love.csv
Comicstaan,Lakehouse\unfiltered\Comicstaan\Comicstaan.csv
Inside_Edge,Lakehouse\unfiltered\Inside_Edge\Inside_Edge.csv
The_Boys,Lakehouse\unfiltered\The_Boys\The_Boys.csv
Hanna,Lakehouse\unfiltered\Hanna\Hanna.csv
Hunters,Lakehouse\unfiltered\Hunters\Hunters.csv
Good_Omens,Lakehouse\unfiltered\Good_Omens\Good_Omens.csv
Breathe,Lakehouse\unfiltered\Breathe\Breathe.csv
The_Forgotten_Army-_Azaadi_ke_Liye,Lakehouse\unfiltered\The_Forgotten_Army-_Azaadi_ke_Liye\The_Forgotten_Army-_Azaadi_ke_Liye.csv
Tom_Clancys_Jack_Ryan,Lakehouse\unfiltered\Tom_Clancys_Jack_Ryan\Tom_Clancys_Jack_Ryan.csv
Tales_from_the_Loop,Lakehouse\unfiltered\Tales_from_the_Loop\Tales_from_the_Loop.csv
The_Test__A_New_Era_for_Australias_Team,Lakehouse\unfiltered\The_Test__A_New_Era_for_Australias_Team\The_Test__A_New_Era_for_Australias_Team.csv
The_Man_in_the_High_Castle,Lakehouse\unfiltered\The_Man_in_the_High_Castle\The_Man_in_the_High_Castle.csv
One_Mic_Stand,Lakehouse\unfiltered\One_Mic_Stand\One_Mic_Stand.csv
Undone,Lakehouse\unfiltered\Undone\Undone.csv
American_Gods,Lakehouse\unfiltered\American_Gods\American_Gods.csv
The_Tick,Lakehouse\unfiltered\The_Tick\The_Tick.csv
Jestination_Unknown,Lakehouse\unfiltered\Jestination_Unknown\Jestination_Unknown.csv
Man_with_a_Plan,Lakehouse\unfiltered\Man_with_a_Plan\Man_with_a_Plan.csv
Suits,Lakehouse\unfiltered\Suits\Suits.csv
Doctor_Who,Lakehouse\unfiltered\Doctor_Who\Doctor_Who.csv
Greys_Anatomy,Lakehouse\unfiltered\Greys_Anatomy\Greys_Anatomy.csv
The_Mentalist,Lakehouse\unfiltered\The_Mentalist\The_Mentalist.csv
Afsos,Lakehouse\unfiltered\Afsos\Afsos.csv
Laakhon_Mein_Ek,Lakehouse\unfiltered\Laakhon_Mein_Ek\Laakhon_Mein_Ek.csv
House,Lakehouse\unfiltered\House\House.csv
The_Good_Doctor,Lakehouse\unfiltered\The_Good_Doctor\The_Good_Doctor.csv
The_Vampire_Diaries,Lakehouse\unfiltered\The_Vampire_Diaries\The_Vampire_Diaries.csv
Hostel_Daze,Lakehouse\unfiltered\Hostel_Daze\Hostel_Daze.csv
Mr._Robot,Lakehouse\unfiltered\Mr._Robot\Mr._Robot.csv
Supernatural,Lakehouse\unfiltered\Supernatural\Supernatural.csv
Dexter,Lakehouse\unfiltered\Dexter\Dexter.csv
The_Magicians,Lakehouse\unfiltered\The_Magicians\The_Magicians.csv
Blindspot,Lakehouse\unfiltered\Blindspot\Blindspot.csv
The_Good_Wife,Lakehouse\unfiltered\The_Good_Wife\The_Good_Wife.csv
Peaky_Blinders,Lakehouse\unfiltered\Peaky_Blinders\Peaky_Blinders.csv
Chacha_Vidhayak_Hain_Humare,Lakehouse\unfiltered\Chacha_Vidhayak_Hain_Humare\Chacha_Vidhayak_Hain_Humare.csv
Scorpion,Lakehouse\unfiltered\Scorpion\Scorpion.csv
Shameless,Lakehouse\unfiltered\Shameless\Shameless.csv
Reign,Lakehouse\unfiltered\Reign\Reign.csv
Downtown_Abbey,Lakehouse\unfiltered\Downtown_Abbey\Downtown_Abbey.csv
McMafia,Lakehouse\unfiltered\McMafia\McMafia.csv
This_is_Us,Lakehouse\unfiltered\This_is_Us\This_is_Us.csv
The_Penguin,Lakehouse\unfiltered\The_Penguin\The_Penguin.csv
Nikita,Lakehouse\unfiltered\Nikita\Nikita.csv
Carnival_Row,Lakehouse\unfiltered\Carnival_Row\Carnival_Row.csv
Legacies,Lakehouse\unfiltered\Legacies\Legacies.csv
Bates_Motel,Lakehouse\unfiltered\Bates_Motel\Bates_Motel.csv
The_Exorcist,Lakehouse\unfiltered\The_Exorcist\The_Exorcist.csv
The_Night_Manager,Lakehouse\unfiltered\The_Night_Manager\The_Night_Manager.csv
The_Originals,Lakehouse\unfiltered\The_Originals\The_Originals.csv
The_Purge,Lakehouse\unfiltered\The_Purge\The_Purge.csv
Deception,Lakehouse\unfiltered\Deception\Deception.csv
The_Last_Ship,Lakehouse\unfiltered\The_Last_Ship\The_Last_Ship.csv
Treadstone,Lakehouse\unfiltered\Treadstone\Treadstone.csv
The_Terror,Lakehouse\unfiltered\The_Terror\The_Terror.csv
Manifest,Lakehouse\unfiltered\Manifest\Manifest.csv
Pushpavalli,Lakehouse\unfiltered\Pushpavalli\Pushpavalli.csv
Fringe,Lakehouse\unfiltered\Fringe\Fringe.csv
Person_of_Interest,Lakehouse\unfiltered\Person_of_Interest\Person_of_Interest.csv
The_Affair,Lakehouse\unfiltered\The_Affair\The_Affair.csv
The_American_Playboy__The_Hugh_Hefner_Story,Lakehouse\unfiltered\The_American_Playboy__The_Hugh_Hefner_Story\The_American_Playboy__The_Hugh_Hefner_Story.csv
The_Widow,Lakehouse\unfiltered\The_Widow\The_Widow.csv
God_Friended_Me,Lakehouse\unfiltered\God_Friended_Me\God_Friended_Me.csv
Star_Trek__Picard,Lakehouse\unfiltered\Star_Trek__Picard\Star_Trek__Picard.csv
Fear_the_Walking_Dead,Lakehouse\unfiltered\Fear_the_Walking_Dead\Fear_the_Walking_Dead.csv
Taken,Lakehouse\unfiltered\Taken\Taken.csv
Bosch,Lakehouse\unfiltered\Bosch\Bosch.csv
Elementary,Lakehouse\unfiltered\Elementary\Elementary.csv
Beauty_and_the_Beast,Lakehouse\unfiltered\Beauty_and_the_Beast\Beauty_and_the_Beast.csv
NCIS,Lakehouse\unfiltered\NCIS\NCIS.csv
Masters_of_Sex,Lakehouse\unfiltered\Masters_of_Sex\Masters_of_Sex.csv
Into_the_Badlands,Lakehouse\unfiltered\Into_the_Badlands\Into_the_Badlands.csv
Vella_Raja,Lakehouse\unfiltered\Vella_Raja\Vella_Raja.csv
Bang_Baaja_Baaraat,Lakehouse\unfiltered\Bang_Baaja_Baaraat\Bang_Baaja_Baaraat.csv
Covert_Affairs,Lakehouse\unfiltered\Covert_Affairs\Covert_Affairs.csv
The_Handmaids_Tale,Lakehouse\unfiltered\The_Handmaids_Tale\The_Handmaids_Tale.csv
Gangstars,Lakehouse\unfiltered\Gangstars\Gangstars.csv
Madam_Secretary,Lakehouse\unfiltered\Madam_Secretary\Madam_Secretary.csv
Marvels_Runaways,Lakehouse\unfiltered\Marvels_Runaways\Marvels_Runaways.csv
One_Tree_Hill,Lakehouse\unfiltered\One_Tree_Hill\One_Tree_Hill.csv
Absentia,Lakehouse\unfiltered\Absentia\Absentia.csv
Grimm,Lakehouse\unfiltered\Grimm\Grimm.csv
Heroes,Lakehouse\unfiltered\Heroes\Heroes.csv
Startup,Lakehouse\unfiltered\Startup\Startup.csv
Extant,Lakehouse\unfiltered\Extant\Extant.csv
Goliath,Lakehouse\unfiltered\Goliath\Goliath.csv
Station_19,Lakehouse\unfiltered\Station_19\Station_19.csv
Diablo_Guardian,Lakehouse\unfiltered\Diablo_Guardian\Diablo_Guardian.csv
Lethal_Weapon,Lakehouse\unfiltered\Lethal_Weapon\Lethal_Weapon.csv
Chernobyl__Aftermath,Lakehouse\unfiltered\Chernobyl__Aftermath\Chernobyl__Aftermath.csv
Blue_Bloods,Lakehouse\unfiltered\Blue_Bloods\Blue_Bloods.csv
Patriot,Lakehouse\unfiltered\Patriot\Patriot.csv
Rizzoli_and_Isles,Lakehouse\unfiltered\Rizzoli_and_Isles\Rizzoli_and_Isles.csv
Luther,Lakehouse\unfiltered\Luther\Luther.csv
Dispatches_from_Elsewhere,Lakehouse\unfiltered\Dispatches_from_Elsewhere\Dispatches_from_Elsewhere.csv
Mad_Men,Lakehouse\unfiltered\Mad_Men\Mad_Men.csv
The_Looming_Tower,Lakehouse\unfiltered\The_Looming_Tower\The_Looming_Tower.csv
Siyaasat,Lakehouse\unfiltered\Siyaasat\Siyaasat.csv
The_Witcher,Lakehouse\unfiltered\The_Witcher\The_Witcher.csv
The_Baker_and_The_Beauty,Lakehouse\unfiltered\The_Baker_and_The_Beauty\The_Baker_and_The_Beauty.csv
"Roswell,_New_Mexico","Lakehouse\unfiltered\Roswell,_New_Mexico\Roswell,_New_Mexico.csv"
Pretty_Little_Liars__The_Perfectionists,Lakehouse\unfiltered\Pretty_Little_Liars__The_Perfectionists\Pretty_Little_Liars__The_Perfectionists.csv
Major_Crimes,Lakehouse\unfiltered\Major_Crimes\Major_Crimes.csv
Happy_Marriage!,Lakehouse\unfiltered\Happy_Marriage!\Happy_Marriage!.csv
The_Crossing,Lakehouse\unfiltered\The_Crossing\The_Crossing.csv
Famous_in_Love,Lakehouse\unfiltered\Famous_in_Love\Famous_in_Love.csv
Rush,Lakehouse\unfiltered\Rush\Rush.csv
Whiskey_Cavalier,Lakehouse\unfiltered\Whiskey_Cavalier\Whiskey_Cavalier.csv
Hawaii_Five-O,Lakehouse\unfiltered\Hawaii_Five-O\Hawaii_Five-O.csv
Penny_Dreadful,Lakehouse\unfiltered\Penny_Dreadful\Penny_Dreadful.csv
You_are_Wanted,Lakehouse\unfiltered\You_are_Wanted\You_are_Wanted.csv
3_Body_Problem,Lakehouse\unfiltered\3_Body_Problem\3_Body_Problem.csv
Parenthood,Lakehouse\unfiltered\Parenthood\Parenthood.csv
Marvels_Cloak_&_Dagger,Lakehouse\unfiltered\Marvels_Cloak_&_Dagger\Marvels_Cloak_&_Dagger.csv
Preacher,Lakehouse\unfiltered\Preacher\Preacher.csv
The_Trial__A_Murder_in_the_Family,Lakehouse\unfiltered\The_Trial__A_Murder_in_the_Family\The_Trial__A_Murder_in_the_Family.csv
Claws,Lakehouse\unfiltered\Claws\Claws.csv
The_Good_Fight,Lakehouse\unfiltered\The_Good_Fight\The_Good_Fight.csv
Sneaky_Pete,Lakehouse\unfiltered\Sneaky_Pete\Sneaky_Pete.csv
The_Orvile,Lakehouse\unfiltered\The_Orvile\The_Orvile.csv
American_Woman,Lakehouse\unfiltered\American_Woman\American_Woman.csv
Hap_and_Leonard,Lakehouse\unfiltered\Hap_and_Leonard\Hap_and_Leonard.csv
Chicago_Med,Lakehouse\unfiltered\Chicago_Med\Chicago_Med.csv
Murder_in_the_First,Lakehouse\unfiltered\Murder_in_the_First\Murder_in_the_First.csv
House_of_Lies,Lakehouse\unfiltered\House_of_Lies\House_of_Lies.csv
The_Missing,Lakehouse\unfiltered\The_Missing\The_Missing.csv
Dance_Academy,Lakehouse\unfiltered\Dance_Academy\Dance_Academy.csv
A_very_English_Scandal,Lakehouse\unfiltered\A_very_English_Scandal\A_very_English_Scandal.csv
Mozart_in_the_Jungle,Lakehouse\unfiltered\Mozart_in_the_Jungle\Mozart_in_the_Jungle.csv
Fallout,Lakehouse\unfiltered\Fallout\Fallout.csv
The_Romanoffs,Lakehouse\unfiltered\The_Romanoffs\The_Romanoffs.csv
El_Presidente,Lakehouse\unfiltered\El_Presidente\El_Presidente.csv
Ray_Donovan,Lakehouse\unfiltered\Ray_Donovan\Ray_Donovan.csv
The_Neighbors,Lakehouse\unfiltered\The_Neighbors\The_Neighbors.csv
Training_Day,Lakehouse\unfiltered\Training_Day\Training_Day.csv
Flesh_and_Bone,Lakehouse\unfiltered\Flesh_and_Bone\Flesh_and_Bone.csv
Injustice,Lakehouse\unfiltered\Injustice\Injustice.csv
Tokyo_Girl,Lakehouse\unfiltered\Tokyo_Girl\Tokyo_Girl.csv
Z__The_Beginning_of_Everything,Lakehouse\unfiltered\Z__The_Beginning_of_Everything\Z__The_Beginning_of_Everything.csv
Guilt,Lakehouse\unfiltered\Guilt\Guilt.csv
Good_Girls_Revolt,Lakehouse\unfiltered\Good_Girls_Revolt\Good_Girls_Revolt.csv
Hand_of_God,Lakehouse\unfiltered\Hand_of_God\Hand_of_God.csv
The_Rook,Lakehouse\unfiltered\The_Rook\The_Rook.csv
Time_After_Time,Lakehouse\unfiltered\Time_After_Time\Time_After_Time.csv
Life,Lakehouse\unfiltered\Life\Life.csv
Hunter,Lakehouse\unfiltered\Hunter\Hunter.csv
Fukuyadou_Honpo-Kyoto_Love_Story,Lakehouse\unfiltered\Fukuyadou_Honpo-Kyoto_Love_Story\Fukuyadou_Honpo-Kyoto_Love_Story.csv
Collision,Lakehouse\unfiltered\Collision\Collision.csv
Presumed_Guilty,Lakehouse\unfiltered\Presumed_Guilty\Presumed_Guilty.csv
Deutschland,Lakehouse\unfiltered\Deutschland\Deutschland.csv
Lore,Lakehouse\unfiltered\Lore\Lore.csv
Tokyo_Alice,Lakehouse\unfiltered\Tokyo_Alice\Tokyo_Alice.csv
Warriors_Way,Lakehouse\unfiltered\Warriors_Way\Warriors_Way.csv
Silk_Stalkings,Lakehouse\unfiltered\Silk_Stalkings\Silk_Stalkings.csv
Parent,Lakehouse\unfiltered\Parent\Parent.csv
The_Last_Tycoon,Lakehouse\unfiltered\The_Last_Tycoon\The_Last_Tycoon.csv
Too_Old_to_Die_Young,Lakehouse\unfiltered\Too_Old_to_Die_Young\Too_Old_to_Die_Young.csv
4_Blocks,Lakehouse\unfiltered\4_Blocks\4_Blocks.csv
Haunted,Lakehouse\unfiltered\Haunted\Haunted.csv
Lodge_49,Lakehouse\unfiltered\Lodge_49\Lodge_49.csv
The_First,Lakehouse\unfiltered\The_First\The_First.csv
Black_sun,Lakehouse\unfiltered\Black_sun\Black_sun.csv
Life_Sentence,Lakehouse\unfiltered\Life_Sentence\Life_Sentence.csv
Shackleton__Trapped_in_the_South_Pole,Lakehouse\unfiltered\Shackleton__Trapped_in_the_South_Pole\Shackleton__Trapped_in_the_South_Pole.csv
Final_Life,Lakehouse\unfiltered\Final_Life\Final_Life.csv
Falling_Water,Lakehouse\unfiltered\Falling_Water\Falling_Water.csv
"Midnight,_Texas","Lakehouse\unfiltered\Midnight,_Texas\Midnight,_Texas.csv"
The_Idolm@aster.kr,Lakehouse\unfiltered\The_Idolm@aster.kr\The_Idolm@aster.kr.csv
Inside_Borussia_Dortmund,Lakehouse\unfiltered\Inside_Borussia_Dortmund\Inside_Borussia_Dortmund.csv
All_American,Lakehouse\unfiltered\All_American\All_American.csv
Almirante_Hotel,Lakehouse\unfiltered\Almirante_Hotel\Almirante_Hotel.csv
The_Collection,Lakehouse\unfiltered\The_Collection\The_Collection.csv
Beat,Lakehouse\unfiltered\Beat\Beat.csv
Coloner_March_of_Scotland_Yard,Lakehouse\unfiltered\Coloner_March_of_Scotland_Yard\Coloner_March_of_Scotland_Yard.csv
New_Worlds,Lakehouse\unfiltered\New_Worlds\New_Worlds.csv
Missing_Evidence,Lakehouse\unfiltered\Missing_Evidence\Missing_Evidence.csv
Deadly_Game,Lakehouse\unfiltered\Deadly_Game\Deadly_Game.csv
Feed_the_Beast,Lakehouse\unfiltered\Feed_the_Beast\Feed_the_Beast.csv
The_Commish,Lakehouse\unfiltered\The_Commish\The_Commish.csv
Water_Rats,Lakehouse\unfiltered\Water_Rats\Water_Rats.csv
The_Incredible_Journey_of_Mary_Bryant,Lakehouse\unfiltered\The_Incredible_Journey_of_Mary_Bryant\The_Incredible_Journey_of_Mary_Bryant.csv
Dietland,Lakehouse\unfiltered\Dietland\Dietland.csv
One_Mississippi,Lakehouse\unfiltered\One_Mississippi\One_Mississippi.csv
Roadies,Lakehouse\unfiltered\Roadies\Roadies.csv
Lifeline,Lakehouse\unfiltered\Lifeline\Lifeline.csv
The_Secrets_of_Borgo_Lairci,Lakehouse\unfiltered\The_Secrets_of_Borgo_Lairci\The_Secrets_of_Borgo_Lairci.csv
MAGI_The_Tensho_Boys_Embassy,Lakehouse\unfiltered\MAGI_The_Tensho_Boys_Embassy\MAGI_The_Tensho_Boys_Embassy.csv
Stingray,Lakehouse\unfiltered\Stingray\Stingray.csv
Tuckers_Witch,Lakehouse\unfiltered\Tuckers_Witch\Tuckers_Witch.csv
Extrano_Enemigo,Lakehouse\unfiltered\Extrano_Enemigo\Extrano_Enemigo.csv
The_Cecil_B._DeMille_Classics_Collection,Lakehouse\unfiltered\The_Cecil_B._DeMille_Classics_Collection\The_Cecil_B._DeMille_Classics_Collection.csv
The_Path,Lakehouse\unfiltered\The_Path\The_Path.csv
Girlfriends_Guide_to_Divorce,Lakehouse\unfiltered\Girlfriends_Guide_to_Divorce\Girlfriends_Guide_to_Divorce.csv
Lorena,Lakehouse\unfiltered\Lorena\Lorena.csv
When_We_Go_to_War,Lakehouse\unfiltered\When_We_Go_to_War\When_We_Go_to_War.csv
Peter_Gunn,Lakehouse\unfiltered\Peter_Gunn\Peter_Gunn.csv
Queen_Sugar,Lakehouse\unfiltered\Queen_Sugar\Queen_Sugar.csv
Alone_Together,Lakehouse\unfiltered\Alone_Together\Alone_Together.csv
Booker,Lakehouse\unfiltered\Booker\Booker.csv
Casanova__PBS_Masterpiece_Theatre-_The_Complete_Series,Lakehouse\unfiltered\Casanova__PBS_Masterpiece_Theatre-_The_Complete_Series\Casanova__PBS_Masterpiece_Theatre-_The_Complete_Series.csv
Mr._Lucky,Lakehouse\unfiltered\Mr._Lucky\Mr._Lucky.csv
The_Lives_of_the_Saints,Lakehouse\unfiltered\The_Lives_of_the_Saints\The_Lives_of_the_Saints.csv
Neon_Rider,Lakehouse\unfiltered\Neon_Rider\Neon_Rider.csv
The_Ray_Bradbury_Theatre,Lakehouse\unfiltered\The_Ray_Bradbury_Theatre\The_Ray_Bradbury_Theatre.csv
Silver_and_Gold,Lakehouse\unfiltered\Silver_and_Gold\Silver_and_Gold.csv
An_Unknown_Enemy,Lakehouse\unfiltered\An_Unknown_Enemy\An_Unknown_Enemy.csv
Black_Harbour,Lakehouse\unfiltered\Black_Harbour\Black_Harbour.csv
Family_Pictures,Lakehouse\unfiltered\Family_Pictures\Family_Pictures.csv
To_the_Ends_of_the_Earth_(BBC_Series),Lakehouse\unfiltered\To_the_Ends_of_the_Earth_(BBC_Series)\To_the_Ends_of_the_Earth_(BBC_Series).csv
The_Red_Line,Lakehouse\unfiltered\The_Red_Line\The_Red_Line.csv
Your_brush_with_Nature,Lakehouse\unfiltered\Your_brush_with_Nature\Your_brush_with_Nature.csv
Constantine,Lakehouse\unfiltered\Constantine\Constantine.csv
Super_Wings,Lakehouse\unfiltered\Super_Wings\Super_Wings.csv
Lockout,Lakehouse\unfiltered\Lockout\Lockout.csv
Lost_in_Oz,Lakehouse\unfiltered\Lost_in_Oz\Lost_in_Oz.csv
Journey_with_Dylan_Dreyer,Lakehouse\unfiltered\Journey_with_Dylan_Dreyer\Journey_with_Dylan_Dreyer.csv
Vir_the_Robot_Boy,Lakehouse\unfiltered\Vir_the_Robot_Boy\Vir_the_Robot_Boy.csv
Forensic_Files,Lakehouse\unfiltered\Forensic_Files\Forensic_Files.csv
Highway_on_my_Plate,Lakehouse\unfiltered\Highway_on_my_Plate\Highway_on_my_Plate.csv
The_Lost_World,Lakehouse\unfiltered\The_Lost_World\The_Lost_World.csv
T-Buster,Lakehouse\unfiltered\T-Buster\T-Buster.csv
Tobot,Lakehouse\unfiltered\Tobot\Tobot.csv
Tropical_Heat,Lakehouse\unfiltered\Tropical_Heat\Tropical_Heat.csv
Amazon_Riders,Lakehouse\unfiltered\Amazon_Riders\Amazon_Riders.csv
Hitlers_Eastern_Front,Lakehouse\unfiltered\Hitlers_Eastern_Front\Hitlers_Eastern_Front.csv
Full_Disclosure,Lakehouse\unfiltered\Full_Disclosure\Full_Disclosure.csv
Conviction,Lakehouse\unfiltered\Conviction\Conviction.csv
HSHIWolf,Lakehouse\unfiltered\HSHIWolf\HSHIWolf.csv
AAAnomali,Lakehouse\unfiltered\AAAnomali\AAAnomali.csv
